ISO-10303-21;
HEADER;
/* Generated by software containing ST-Developer
 * from STEP Tools, Inc. (www.steptools.com) 
 */
/* OPTION: using custom renumber hook */

FILE_DESCRIPTION(
/* description */ ('STEP AP242 Edition 2',
'CAx-IF Rec.Pracs.---Representation and Presentation of Product Manufa
cturing Information (PMI)---4.0---2014-10-13',
'CAx-IF Rec.Pracs.---3D Tessellated Geometry---0.4---2014-09-14','2;1',
'CAx-IF Rec.Pracs.---User Defined Attributes---1.5---2016-08-15'),
/* implementation_level */ '2;1');

FILE_NAME(
/* name */ '6a68d115af7d70511ed864cd',
/* time_stamp */ '2026-07-28T15:56:07Z',
/* author */ (''),
/* organization */ (''),
/* preprocessor_version */ 'ST-DEVELOPER v20',
/* originating_system */ 'ONSHAPE BY PTC INC, 1.218',
/* authorisation */ '  ');

FILE_SCHEMA (('AP242_MANAGED_MODEL_BASED_3D_ENGINEERING_MIM_LF { 1 0 10303 442 3 1 4 }'));
ENDSEC;

DATA;
#160=B_SPLINE_SURFACE_WITH_KNOTS('',3,3,((#42535,#42536,#42537,#42538,#42539),
(#42540,#42541,#42542,#42543,#42544),(#42545,#42546,#42547,#42548,#42549),
(#42550,#42551,#42552,#42553,#42554),(#42555,#42556,#42557,#42558,#42559),
(#42560,#42561,#42562,#42563,#42564),(#42565,#42566,#42567,#42568,#42569),
(#42570,#42571,#42572,#42573,#42574),(#42575,#42576,#42577,#42578,#42579),
(#42580,#42581,#42582,#42583,#42584),(#42585,#42586,#42587,#42588,#42589),
(#42590,#42591,#42592,#42593,#42594),(#42595,#42596,#42597,#42598,#42599),
(#42600,#42601,#42602,#42603,#42604),(#42605,#42606,#42607,#42608,#42609),
(#42610,#42611,#42612,#42613,#42614),(#42615,#42616,#42617,#42618,#42619),
(#42620,#42621,#42622,#42623,#42624),(#42625,#42626,#42627,#42628,#42629),
(#42630,#42631,#42632,#42633,#42634),(#42635,#42636,#42637,#42638,#42639),
(#42640,#42641,#42642,#42643,#42644),(#42645,#42646,#42647,#42648,#42649),
(#42650,#42651,#42652,#42653,#42654),(#42655,#42656,#42657,#42658,#42659),
(#42660,#42661,#42662,#42663,#42664),(#42665,#42666,#42667,#42668,#42669),
(#42670,#42671,#42672,#42673,#42674),(#42675,#42676,#42677,#42678,#42679),
(#42680,#42681,#42682,#42683,#42684),(#42685,#42686,#42687,#42688,#42689),
(#42690,#42691,#42692,#42693,#42694),(#42695,#42696,#42697,#42698,#42699),
(#42700,#42701,#42702,#42703,#42704),(#42705,#42706,#42707,#42708,#42709),
(#42710,#42711,#42712,#42713,#42714),(#42715,#42716,#42717,#42718,#42719),
(#42720,#42721,#42722,#42723,#42724),(#42725,#42726,#42727,#42728,#42729),
(#42730,#42731,#42732,#42733,#42734),(#42735,#42736,#42737,#42738,#42739),
(#42740,#42741,#42742,#42743,#42744),(#42745,#42746,#42747,#42748,#42749),
(#42750,#42751,#42752,#42753,#42754),(#42755,#42756,#42757,#42758,#42759),
(#42760,#42761,#42762,#42763,#42764),(#42765,#42766,#42767,#42768,#42769),
(#42770,#42771,#42772,#42773,#42774),(#42775,#42776,#42777,#42778,#42779),
(#42780,#42781,#42782,#42783,#42784),(#42785,#42786,#42787,#42788,#42789),
(#42790,#42791,#42792,#42793,#42794),(#42795,#42796,#42797,#42798,#42799),
(#42800,#42801,#42802,#42803,#42804),(#42805,#42806,#42807,#42808,#42809),
(#42810,#42811,#42812,#42813,#42814),(#42815,#42816,#42817,#42818,#42819),
(#42820,#42821,#42822,#42823,#42824),(#42825,#42826,#42827,#42828,#42829),
(#42830,#42831,#42832,#42833,#42834),(#42835,#42836,#42837,#42838,#42839),
(#42840,#42841,#42842,#42843,#42844),(#42845,#42846,#42847,#42848,#42849),
(#42850,#42851,#42852,#42853,#42854),(#42855,#42856,#42857,#42858,#42859)),
 .UNSPECIFIED.,.T.,.F.,.F.,(1,1,1,1,1,1,1,1,1,1,1,1,1,1,1,1,1,1,1,1,1,1,
1,1,1,1,1,1,1,1,1,1,1,1,1,1,1,1,1,1,1,1,1,1,1,1,1,1,1,1,1,1,1,1,1,1,1,1,
1,1,1,1,1,1,1,1,1,1,1),(4,1,4),(-0.046875,-0.03125,-0.015625,0.,0.015625,
0.03125,0.046875,0.0625,0.078125,0.0859375,0.08984375,0.09375,0.1015625,
0.109375,0.125,0.140625,0.1484375,0.15625,0.16015625,0.1640625,0.171875,
0.1875,0.21875,0.25,0.28125,0.2890625,0.296875,0.3125,0.34375,0.375,0.40625,
0.4375,0.46875,0.484375,0.5,0.515625,0.53125,0.5625,0.59375,0.625,0.65625,
0.6875,0.703125,0.7109375,0.71875,0.75,0.78125,0.8125,0.828125,0.8359375,
0.83984375,0.84375,0.8515625,0.859375,0.875,0.890625,0.8984375,0.90625,
0.91015625,0.9140625,0.921875,0.9375,0.953125,0.96875,0.984375,1.,1.015625,
1.03125,1.046875),(-0.00853574049621988,0.491927739797955,0.99239122009213),
 .UNSPECIFIED.);
#161=B_SPLINE_SURFACE_WITH_KNOTS('',3,3,((#43019,#43020,#43021,#43022,#43023,
#43024,#43025,#43026,#43027),(#43028,#43029,#43030,#43031,#43032,#43033,
#43034,#43035,#43036),(#43037,#43038,#43039,#43040,#43041,#43042,#43043,
#43044,#43045),(#43046,#43047,#43048,#43049,#43050,#43051,#43052,#43053,
#43054),(#43055,#43056,#43057,#43058,#43059,#43060,#43061,#43062,#43063),
(#43064,#43065,#43066,#43067,#43068,#43069,#43070,#43071,#43072),(#43073,
#43074,#43075,#43076,#43077,#43078,#43079,#43080,#43081),(#43082,#43083,
#43084,#43085,#43086,#43087,#43088,#43089,#43090),(#43091,#43092,#43093,
#43094,#43095,#43096,#43097,#43098,#43099),(#43100,#43101,#43102,#43103,
#43104,#43105,#43106,#43107,#43108),(#43109,#43110,#43111,#43112,#43113,
#43114,#43115,#43116,#43117),(#43118,#43119,#43120,#43121,#43122,#43123,
#43124,#43125,#43126),(#43127,#43128,#43129,#43130,#43131,#43132,#43133,
#43134,#43135),(#43136,#43137,#43138,#43139,#43140,#43141,#43142,#43143,
#43144),(#43145,#43146,#43147,#43148,#43149,#43150,#43151,#43152,#43153),
(#43154,#43155,#43156,#43157,#43158,#43159,#43160,#43161,#43162),(#43163,
#43164,#43165,#43166,#43167,#43168,#43169,#43170,#43171),(#43172,#43173,
#43174,#43175,#43176,#43177,#43178,#43179,#43180),(#43181,#43182,#43183,
#43184,#43185,#43186,#43187,#43188,#43189),(#43190,#43191,#43192,#43193,
#43194,#43195,#43196,#43197,#43198),(#43199,#43200,#43201,#43202,#43203,
#43204,#43205,#43206,#43207),(#43208,#43209,#43210,#43211,#43212,#43213,
#43214,#43215,#43216),(#43217,#43218,#43219,#43220,#43221,#43222,#43223,
#43224,#43225),(#43226,#43227,#43228,#43229,#43230,#43231,#43232,#43233,
#43234),(#43235,#43236,#43237,#43238,#43239,#43240,#43241,#43242,#43243),
(#43244,#43245,#43246,#43247,#43248,#43249,#43250,#43251,#43252),(#43253,
#43254,#43255,#43256,#43257,#43258,#43259,#43260,#43261),(#43262,#43263,
#43264,#43265,#43266,#43267,#43268,#43269,#43270),(#43271,#43272,#43273,
#43274,#43275,#43276,#43277,#43278,#43279),(#43280,#43281,#43282,#43283,
#43284,#43285,#43286,#43287,#43288),(#43289,#43290,#43291,#43292,#43293,
#43294,#43295,#43296,#43297),(#43298,#43299,#43300,#43301,#43302,#43303,
#43304,#43305,#43306),(#43307,#43308,#43309,#43310,#43311,#43312,#43313,
#43314,#43315),(#43316,#43317,#43318,#43319,#43320,#43321,#43322,#43323,
#43324),(#43325,#43326,#43327,#43328,#43329,#43330,#43331,#43332,#43333),
(#43334,#43335,#43336,#43337,#43338,#43339,#43340,#43341,#43342),(#43343,
#43344,#43345,#43346,#43347,#43348,#43349,#43350,#43351),(#43352,#43353,
#43354,#43355,#43356,#43357,#43358,#43359,#43360),(#43361,#43362,#43363,
#43364,#43365,#43366,#43367,#43368,#43369),(#43370,#43371,#43372,#43373,
#43374,#43375,#43376,#43377,#43378),(#43379,#43380,#43381,#43382,#43383,
#43384,#43385,#43386,#43387),(#43388,#43389,#43390,#43391,#43392,#43393,
#43394,#43395,#43396),(#43397,#43398,#43399,#43400,#43401,#43402,#43403,
#43404,#43405),(#43406,#43407,#43408,#43409,#43410,#43411,#43412,#43413,
#43414),(#43415,#43416,#43417,#43418,#43419,#43420,#43421,#43422,#43423),
(#43424,#43425,#43426,#43427,#43428,#43429,#43430,#43431,#43432),(#43433,
#43434,#43435,#43436,#43437,#43438,#43439,#43440,#43441),(#43442,#43443,
#43444,#43445,#43446,#43447,#43448,#43449,#43450),(#43451,#43452,#43453,
#43454,#43455,#43456,#43457,#43458,#43459),(#43460,#43461,#43462,#43463,
#43464,#43465,#43466,#43467,#43468),(#43469,#43470,#43471,#43472,#43473,
#43474,#43475,#43476,#43477),(#43478,#43479,#43480,#43481,#43482,#43483,
#43484,#43485,#43486),(#43487,#43488,#43489,#43490,#43491,#43492,#43493,
#43494,#43495),(#43496,#43497,#43498,#43499,#43500,#43501,#43502,#43503,
#43504),(#43505,#43506,#43507,#43508,#43509,#43510,#43511,#43512,#43513),
(#43514,#43515,#43516,#43517,#43518,#43519,#43520,#43521,#43522),(#43523,
#43524,#43525,#43526,#43527,#43528,#43529,#43530,#43531),(#43532,#43533,
#43534,#43535,#43536,#43537,#43538,#43539,#43540)),.UNSPECIFIED.,.T.,.F.,
 .F.,(4,2,2,2,2,2,2,2,2,2,2,2,2,2,2,2,2,2,2,2,2,2,2,2,2,2,2,2,4),(4,3,2,
4),(0.,0.0441160475720477,0.0882320951440953,0.106304655242765,0.124377215341434,
0.142449775440103,0.160522335538773,0.193073596632474,0.225624857726176,
0.258176118819877,0.290727379913578,0.343045534935183,0.395363689956789,
0.447681844978394,0.5,0.552318155021605,0.604636310043211,0.656954465064816,
0.709272620086422,0.741823881180123,0.774375142273825,0.806926403367526,
0.839477664461228,0.857550224559897,0.875622784658566,0.893695344757235,
0.911767904855905,0.955883952427952,1.),(-0.00596248712018434,0.,0.5,0.994572036826496),
 .UNSPECIFIED.);
#550=B_SPLINE_CURVE_WITH_KNOTS('',3,(#42860,#42861,#42862,#42863,#42864,
#42865,#42866),.UNSPECIFIED.,.F.,.F.,(4,1,1,1,4),(1.24667616131115E-14,
0.00225406134361211,0.00450812268721175,0.00676218403081139,0.00901624537441103),
 .UNSPECIFIED.);
#551=B_SPLINE_CURVE_WITH_KNOTS('',3,(#42869,#42870,#42871,#42872),
 .UNSPECIFIED.,.F.,.F.,(4,4),(0.0022194018338933,0.0350414502392734),
 .UNSPECIFIED.);
#552=B_SPLINE_CURVE_WITH_KNOTS('',3,(#42874,#42875,#42876,#42877,#42878,
#42879,#42880),.UNSPECIFIED.,.F.,.F.,(4,1,1,1,4),(1.18859608130372E-15,
0.00225241544105733,0.00450483088211347,0.00675724632316961,0.00900966176422575),
 .UNSPECIFIED.);
#553=B_SPLINE_CURVE_WITH_KNOTS('',3,(#42882,#42883,#42884,#42885),
 .UNSPECIFIED.,.F.,.F.,(4,4),(0.00221940183387156,0.0350414502392734),
 .UNSPECIFIED.);
#554=B_SPLINE_CURVE_WITH_KNOTS('',3,(#42886,#42887,#42888,#42889,#42890,
#42891,#42892,#42893,#42894,#42895,#42896,#42897,#42898,#42899,#42900,#42901,
#42902,#42903,#42904,#42905,#42906,#42907,#42908,#42909,#42910,#42911,#42912,
#42913,#42914,#42915,#42916,#42917,#42918),.UNSPECIFIED.,.T.,.F.,(1,1,1,
1,1,1,1,1,1,1,1,1,1,1,1,1,1,1,1,1,1,1,1,1,1,1,1,1,1,1,1,1,1,1,1,1,1),(-0.0061153749496145,
-0.00407691663307633,-0.00203845831653816,2.74652383138146E-18,0.00203845831653817,
0.00407691663307634,0.0061153749496145,0.00815383326615267,0.00917306242442175,
0.0101922915826908,0.012230749899229,0.0142692082157672,0.0163076665323053,
0.0183461248488435,0.0203845831653817,0.024461499798458,0.0285384164315343,
0.0305768747480725,0.0326153330646107,0.0346537913811488,0.036692249697687,
0.0407691663307633,0.0448460829638397,0.0468845412803778,0.048922999596916,
0.0509614579134542,0.0529999162299923,0.0550383745465305,0.0560576037047996,
0.0570768328630687,0.0591152911796068,0.061153749496145,0.0631922078126832,
0.0652306661292213,0.0672691244457595,0.0693075827622977,0.0713460410788359),
 .UNSPECIFIED.);
#555=B_SPLINE_CURVE_WITH_KNOTS('',3,(#42920,#42921,#42922,#42923),
 .UNSPECIFIED.,.F.,.F.,(4,4),(2.63876530835466E-15,0.0150902074807644),
 .UNSPECIFIED.);
#556=B_SPLINE_CURVE_WITH_KNOTS('',3,(#42926,#42927,#42928,#42929,#42930,
#42931,#42932,#42933,#42934,#42935,#42936,#42937,#42938,#42939,#42940,#42941),
 .UNSPECIFIED.,.F.,.F.,(4,1,1,1,1,1,1,1,1,1,1,1,1,4),(0.00856328333985179,
0.0123633724133716,0.0142634169501315,0.0161634614868913,0.0199635505604111,
0.021863595097171,0.0237636396339309,0.0256636841706908,0.0275637287074507,
0.0294637732442105,0.0313638177809704,0.0332638623177303,0.0351639068544902,
0.03896399592801),.UNSPECIFIED.);
#557=B_SPLINE_CURVE_WITH_KNOTS('',3,(#42943,#42944,#42945,#42946),
 .UNSPECIFIED.,.F.,.F.,(4,4),(2.68794157114166E-15,0.0149079391683815),
 .UNSPECIFIED.);
#558=B_SPLINE_CURVE_WITH_KNOTS('',3,(#42948,#42949,#42950,#42951,#42952,
#42953,#42954,#42955,#42956,#42957,#42958,#42959,#42960),.UNSPECIFIED.,
 .F.,.F.,(4,1,1,1,1,1,1,1,1,1,4),(0.0162513117536176,0.0183063330976206,
0.0203613544416235,0.0244713971296294,0.0285814398176352,0.0306364611616381,
0.0326914825056411,0.0368015251936469,0.0409115678816528,0.0450216105696586,
0.0491316532576645),.UNSPECIFIED.);
#559=B_SPLINE_CURVE_WITH_KNOTS('',3,(#42962,#42963,#42964,#42965),
 .UNSPECIFIED.,.F.,.F.,(4,4),(3.57701537114725E-15,0.0149079391683836),
 .UNSPECIFIED.);
#560=B_SPLINE_CURVE_WITH_KNOTS('',3,(#42967,#42968,#42969,#42970,#42971,
#42972,#42973,#42974,#42975,#42976,#42977,#42978,#42979,#42980,#42981,#42982),
 .UNSPECIFIED.,.F.,.F.,(4,1,1,1,1,1,1,1,1,1,1,1,1,4),(0.0243585171643386,
0.0281587058607261,0.0300588002089198,0.0319588945571136,0.0357590832535011,
0.0376591776016948,0.0395592719498886,0.0414593662980823,0.0433594606462761,
0.0452595549944698,0.0471596493426636,0.0490597436908573,0.0509598380390511,
0.0547600267354386),.UNSPECIFIED.);
#561=B_SPLINE_CURVE_WITH_KNOTS('',3,(#42984,#42985,#42986,#42987),
 .UNSPECIFIED.,.F.,.F.,(4,4),(0.,0.0150902074807616),.UNSPECIFIED.);
#562=B_SPLINE_CURVE_WITH_KNOTS('',3,(#42989,#42990,#42991,#42992,#42993,
#42994,#42995,#42996,#42997,#42998,#42999,#43000,#43001,#43002,#43003,#43004,
#43005,#43006,#43007),.UNSPECIFIED.,.F.,.F.,(4,1,1,1,1,1,1,1,1,1,1,1,1,
1,1,1,4),(0.0503387719791505,0.0522154263554895,0.0540920807318285,0.0559687351081675,
0.0578453894845065,0.0597220438608455,0.0615986982371844,0.0634753526135234,
0.0653520069898624,0.0672286613662014,0.0691053157425404,0.0709819701188794,
0.0728586244952184,0.0747352788715574,0.0766119332478964,0.0784885876242354,
0.0803652420005744),.UNSPECIFIED.);
#563=B_SPLINE_CURVE_WITH_KNOTS('',3,(#43541,#43542,#43543,#43544,#43545,
#43546,#43547,#43548,#43549,#43550,#43551),.UNSPECIFIED.,.T.,.F.,(1,1,1,
1,1,1,1,1,1,1,1,1,1,1,1),(-0.00706814129981438,-0.00471209419987625,-0.00235604709993813,
0.,0.00235604709993813,0.00471209419987626,0.00706814129981438,0.00942418839975251,
0.0117802354996906,0.0141362825996288,0.0164923296995669,0.018848376799505,
0.0212044238994431,0.0235604709993813,0.0259165180993194),.UNSPECIFIED.);
#564=B_SPLINE_CURVE_WITH_KNOTS('',3,(#43553,#43554,#43555,#43556,#43557,
#43558,#43559,#43560,#43561,#43562,#43563),.UNSPECIFIED.,.T.,.F.,(1,1,1,
1,1,1,1,1,1,1,1,1,1,1,1),(-0.0070672620286607,-0.00471150801910714,-0.00235575400955357,
0.,0.00235575400955357,0.00471150801910713,0.0070672620286607,0.00942301603821427,
0.0117787700477678,0.0141345240573214,0.016490278066875,0.0188460320764285,
0.0212017860859821,0.0235575400955357,0.0259132941050892),.UNSPECIFIED.);
#565=B_SPLINE_CURVE_WITH_KNOTS('',3,(#43565,#43566,#43567,#43568,#43569,
#43570,#43571,#43572,#43573,#43574,#43575,#43576,#43577,#43578,#43579,#43580,
#43581,#43582,#43583,#43584,#43585,#43586,#43587,#43588,#43589,#43590,#43591,
#43592,#43593,#43594,#43595,#43596,#43597,#43598,#43599,#43600),
 .UNSPECIFIED.,.T.,.F.,(1,1,1,1,1,1,1,1,1,1,1,1,1,1,1,1,1,1,1,1,1,1,1,1,
1,1,1,1,1,1,1,1,1,1,1,1,1,1,1,1),(-0.00560354785092011,-0.00448283828073609,
-0.00224141914036805,0.,0.00224141914036805,0.00448283828073609,0.00560354785092011,
0.00672425742110414,0.00784496699128816,0.00896567656147218,0.0112070957018402,
0.0123278052720243,0.0134485148422083,0.0156899339825763,0.0179313531229444,
0.0201727722633124,0.0224141914036805,0.0268970296844166,0.0313798679651526,
0.0358627062458887,0.0403455445266248,0.0448283828073609,0.047069801947729,
0.049311221088097,0.051552640228465,0.0537940593688331,0.0560354785092012,
0.0582768976495692,0.0593976072197532,0.0605183167899372,0.0627597359303053,
0.0638804455004893,0.0650011550706733,0.0661218646408574,0.0672425742110414,
0.0694839933514094,0.0717254124917775,0.0739668316321455,0.0762082507725136,
0.0773289603426976),.UNSPECIFIED.);
#566=B_SPLINE_CURVE_WITH_KNOTS('',3,(#43602,#43603,#43604,#43605,#43606,
#43607,#43608,#43609,#43610,#43611,#43612,#43613,#43614,#43615,#43616,#43617,
#43618,#43619,#43620,#43621,#43622,#43623,#43624,#43625,#43626,#43627,#43628,
#43629,#43630,#43631,#43632,#43633,#43634,#43635,#43636),.UNSPECIFIED.,
 .T.,.F.,(1,1,1,1,1,1,1,1,1,1,1,1,1,1,1,1,1,1,1,1,1,1,1,1,1,1,1,1,1,1,1,
1,1,1,1,1,1,1,1),(-0.00566304927891551,-0.0045304394231324,-0.00226521971156621,
1.07030737677843E-19,0.0022652197115662,0.0045304394231324,0.0056630492789155,
0.0067956591346986,0.0090608788462648,0.0101934887020479,0.011326098557831,
0.0135913182693972,0.0158565379809634,0.0181217576925296,0.0203869774040958,
0.022652197115662,0.0271826365387944,0.0317130759619268,0.033978295673493,
0.0362435153850592,0.0385087350966254,0.0407739548081916,0.045304394231324,
0.0498348336544564,0.0521000533660226,0.0543652730775888,0.056630492789155,
0.0588957125007212,0.0611609322122874,0.0622935420680705,0.0634261519238536,
0.0656913716354198,0.0668239814912029,0.067956591346986,0.0702218110585522,
0.0724870307701184,0.0747522504816846,0.0770174701932508,0.0781500800490339),
 .UNSPECIFIED.);
#1581=SHAPE_REPRESENTATION_RELATIONSHIP('','',#19788,#1610);
#1610=ADVANCED_BREP_SHAPE_REPRESENTATION('',(#19715),#53703);
#2528=LINE('',#43014,#3655);
#2529=LINE('',#43016,#3656);
#2530=LINE('',#43644,#3657);
#2531=LINE('',#43646,#3658);
#2532=LINE('',#43648,#3659);
#2533=LINE('',#43654,#3660);
#2534=LINE('',#43656,#3661);
#2535=LINE('',#43658,#3662);
#2536=LINE('',#43659,#3663);
#2537=LINE('',#43661,#3664);
#2538=LINE('',#43663,#3665);
#2539=LINE('',#43666,#3666);
#2540=LINE('',#43668,#3667);
#2541=LINE('',#43670,#3668);
#2542=LINE('',#43674,#3669);
#2543=LINE('',#43676,#3670);
#2544=LINE('',#43678,#3671);
#2545=LINE('',#43680,#3672);
#2546=LINE('',#43686,#3673);
#2547=LINE('',#43688,#3674);
#2548=LINE('',#43692,#3675);
#2549=LINE('',#43694,#3676);
#2550=LINE('',#43696,#3677);
#2551=LINE('',#43698,#3678);
#2552=LINE('',#43700,#3679);
#2553=LINE('',#43702,#3680);
#2554=LINE('',#43706,#3681);
#2555=LINE('',#43708,#3682);
#2556=LINE('',#43712,#3683);
#3655=VECTOR('',#26097,1.);
#3656=VECTOR('',#26098,1.);
#3657=VECTOR('',#26109,1.);
#3658=VECTOR('',#26110,1.);
#3659=VECTOR('',#26111,1.);
#3660=VECTOR('',#26120,1.);
#3661=VECTOR('',#26121,1.);
#3662=VECTOR('',#26122,1.);
#3663=VECTOR('',#26123,1.);
#3664=VECTOR('',#26124,1.);
#3665=VECTOR('',#26125,1.);
#3666=VECTOR('',#26130,1.);
#3667=VECTOR('',#26133,1.);
#3668=VECTOR('',#26136,1.);
#3669=VECTOR('',#26139,1.);
#3670=VECTOR('',#26142,1.);
#3671=VECTOR('',#26143,1.);
#3672=VECTOR('',#26144,1.);
#3673=VECTOR('',#26153,1.);
#3674=VECTOR('',#26156,1.);
#3675=VECTOR('',#26163,1.);
#3676=VECTOR('',#26164,1.);
#3677=VECTOR('',#26165,1.);
#3678=VECTOR('',#26168,1.);
#3679=VECTOR('',#26169,1.);
#3680=VECTOR('',#26170,1.);
#3681=VECTOR('',#26175,1.);
#3682=VECTOR('',#26178,1.);
#3683=VECTOR('',#26183,1.);
#4302=CYLINDRICAL_SURFACE('',#21384,0.00125);
#4303=CYLINDRICAL_SURFACE('',#21387,0.005);
#4304=CYLINDRICAL_SURFACE('',#21389,0.00125);
#4305=CYLINDRICAL_SURFACE('',#21393,0.003);
#4306=CYLINDRICAL_SURFACE('',#21397,0.0362569119403523);
#4307=CYLINDRICAL_SURFACE('',#21400,0.005);
#4308=CYLINDRICAL_SURFACE('',#21405,0.003);
#4309=CYLINDRICAL_SURFACE('',#21416,0.268544470980681);
#8459=ORIENTED_EDGE('',*,*,#11511,.T.);
#8460=ORIENTED_EDGE('',*,*,#11512,.T.);
#8461=ORIENTED_EDGE('',*,*,#11513,.F.);
#8462=ORIENTED_EDGE('',*,*,#11514,.F.);
#8463=ORIENTED_EDGE('',*,*,#11515,.F.);
#8464=ORIENTED_EDGE('',*,*,#11516,.F.);
#8465=ORIENTED_EDGE('',*,*,#11517,.F.);
#8466=ORIENTED_EDGE('',*,*,#11518,.F.);
#8467=ORIENTED_EDGE('',*,*,#11519,.T.);
#8468=ORIENTED_EDGE('',*,*,#11520,.T.);
#8469=ORIENTED_EDGE('',*,*,#11521,.T.);
#8470=ORIENTED_EDGE('',*,*,#11522,.T.);
#8471=ORIENTED_EDGE('',*,*,#11523,.T.);
#8472=ORIENTED_EDGE('',*,*,#11524,.T.);
#8473=ORIENTED_EDGE('',*,*,#11525,.F.);
#8474=ORIENTED_EDGE('',*,*,#11526,.F.);
#8475=ORIENTED_EDGE('',*,*,#11521,.F.);
#8476=ORIENTED_EDGE('',*,*,#11527,.T.);
#8477=ORIENTED_EDGE('',*,*,#11528,.T.);
#8478=ORIENTED_EDGE('',*,*,#11529,.F.);
#8479=ORIENTED_EDGE('',*,*,#11530,.T.);
#8480=ORIENTED_EDGE('',*,*,#11531,.F.);
#8481=ORIENTED_EDGE('',*,*,#11532,.T.);
#8482=ORIENTED_EDGE('',*,*,#11533,.F.);
#8483=ORIENTED_EDGE('',*,*,#11534,.T.);
#8484=ORIENTED_EDGE('',*,*,#11535,.F.);
#8485=ORIENTED_EDGE('',*,*,#11536,.T.);
#8486=ORIENTED_EDGE('',*,*,#11537,.F.);
#8487=ORIENTED_EDGE('',*,*,#11528,.F.);
#8488=ORIENTED_EDGE('',*,*,#11533,.T.);
#8489=ORIENTED_EDGE('',*,*,#11530,.F.);
#8490=ORIENTED_EDGE('',*,*,#11538,.F.);
#8491=ORIENTED_EDGE('',*,*,#11534,.F.);
#8492=ORIENTED_EDGE('',*,*,#11538,.T.);
#8493=ORIENTED_EDGE('',*,*,#11531,.T.);
#8494=ORIENTED_EDGE('',*,*,#11539,.T.);
#8495=ORIENTED_EDGE('',*,*,#11540,.T.);
#8496=ORIENTED_EDGE('',*,*,#11541,.F.);
#8497=ORIENTED_EDGE('',*,*,#11523,.F.);
#8498=ORIENTED_EDGE('',*,*,#11542,.T.);
#8499=ORIENTED_EDGE('',*,*,#11543,.T.);
#8500=ORIENTED_EDGE('',*,*,#11544,.F.);
#8501=ORIENTED_EDGE('',*,*,#11519,.F.);
#8502=ORIENTED_EDGE('',*,*,#11532,.F.);
#8503=ORIENTED_EDGE('',*,*,#11515,.T.);
#8504=ORIENTED_EDGE('',*,*,#11537,.T.);
#8505=ORIENTED_EDGE('',*,*,#11545,.T.);
#8506=ORIENTED_EDGE('',*,*,#11542,.F.);
#8507=ORIENTED_EDGE('',*,*,#11522,.F.);
#8508=ORIENTED_EDGE('',*,*,#11526,.T.);
#8509=ORIENTED_EDGE('',*,*,#11544,.T.);
#8510=ORIENTED_EDGE('',*,*,#11546,.T.);
#8511=ORIENTED_EDGE('',*,*,#11535,.T.);
#8512=ORIENTED_EDGE('',*,*,#11527,.F.);
#8513=ORIENTED_EDGE('',*,*,#11520,.F.);
#8514=ORIENTED_EDGE('',*,*,#11547,.T.);
#8515=ORIENTED_EDGE('',*,*,#11548,.F.);
#8516=ORIENTED_EDGE('',*,*,#11549,.F.);
#8517=ORIENTED_EDGE('',*,*,#11517,.T.);
#8518=ORIENTED_EDGE('',*,*,#11550,.T.);
#8519=ORIENTED_EDGE('',*,*,#11551,.T.);
#8520=ORIENTED_EDGE('',*,*,#11552,.T.);
#8521=ORIENTED_EDGE('',*,*,#11548,.T.);
#8522=ORIENTED_EDGE('',*,*,#11524,.F.);
#8523=ORIENTED_EDGE('',*,*,#11553,.F.);
#8524=ORIENTED_EDGE('',*,*,#11525,.T.);
#8525=ORIENTED_EDGE('',*,*,#11529,.T.);
#8526=ORIENTED_EDGE('',*,*,#11553,.T.);
#8527=ORIENTED_EDGE('',*,*,#11541,.T.);
#8528=ORIENTED_EDGE('',*,*,#11554,.T.);
#8529=ORIENTED_EDGE('',*,*,#11550,.F.);
#8530=ORIENTED_EDGE('',*,*,#11547,.F.);
#8531=ORIENTED_EDGE('',*,*,#11516,.T.);
#8532=ORIENTED_EDGE('',*,*,#11552,.F.);
#8533=ORIENTED_EDGE('',*,*,#11555,.T.);
#8534=ORIENTED_EDGE('',*,*,#11539,.F.);
#8535=ORIENTED_EDGE('',*,*,#11518,.T.);
#8536=ORIENTED_EDGE('',*,*,#11549,.T.);
#8537=ORIENTED_EDGE('',*,*,#11546,.F.);
#8538=ORIENTED_EDGE('',*,*,#11543,.F.);
#8539=ORIENTED_EDGE('',*,*,#11545,.F.);
#8540=ORIENTED_EDGE('',*,*,#11536,.F.);
#8541=ORIENTED_EDGE('',*,*,#11555,.F.);
#8542=ORIENTED_EDGE('',*,*,#11551,.F.);
#8543=ORIENTED_EDGE('',*,*,#11554,.F.);
#8544=ORIENTED_EDGE('',*,*,#11540,.F.);
#8545=ORIENTED_EDGE('',*,*,#11556,.T.);
#8546=ORIENTED_EDGE('',*,*,#11513,.T.);
#8547=ORIENTED_EDGE('',*,*,#11557,.F.);
#8548=ORIENTED_EDGE('',*,*,#11558,.T.);
#8549=ORIENTED_EDGE('',*,*,#11511,.F.);
#8550=ORIENTED_EDGE('',*,*,#11559,.F.);
#8551=ORIENTED_EDGE('',*,*,#11560,.F.);
#8552=ORIENTED_EDGE('',*,*,#11561,.T.);
#8553=ORIENTED_EDGE('',*,*,#11512,.F.);
#8554=ORIENTED_EDGE('',*,*,#11561,.F.);
#8555=ORIENTED_EDGE('',*,*,#11562,.F.);
#8556=ORIENTED_EDGE('',*,*,#11563,.T.);
#8557=ORIENTED_EDGE('',*,*,#11557,.T.);
#8558=ORIENTED_EDGE('',*,*,#11559,.T.);
#8559=ORIENTED_EDGE('',*,*,#11514,.T.);
#8560=ORIENTED_EDGE('',*,*,#11556,.F.);
#8561=ORIENTED_EDGE('',*,*,#11564,.F.);
#8562=ORIENTED_EDGE('',*,*,#11565,.T.);
#8563=ORIENTED_EDGE('',*,*,#11565,.F.);
#8564=ORIENTED_EDGE('',*,*,#11566,.F.);
#8565=ORIENTED_EDGE('',*,*,#11562,.T.);
#8566=ORIENTED_EDGE('',*,*,#11560,.T.);
#8567=ORIENTED_EDGE('',*,*,#11564,.T.);
#8568=ORIENTED_EDGE('',*,*,#11558,.F.);
#8569=ORIENTED_EDGE('',*,*,#11563,.F.);
#8570=ORIENTED_EDGE('',*,*,#11566,.T.);
#11511=EDGE_CURVE('',#13429,#13430,#550,.T.);
#11512=EDGE_CURVE('',#13430,#13431,#551,.T.);
#11513=EDGE_CURVE('',#13432,#13431,#552,.T.);
#11514=EDGE_CURVE('',#13429,#13432,#553,.T.);
#11515=EDGE_CURVE('',#13433,#13433,#554,.T.);
#11516=EDGE_CURVE('',#13434,#13435,#555,.T.);
#11517=EDGE_CURVE('',#13436,#13434,#556,.T.);
#11518=EDGE_CURVE('',#13437,#13436,#557,.T.);
#11519=EDGE_CURVE('',#13437,#13438,#558,.T.);
#11520=EDGE_CURVE('',#13438,#13439,#559,.T.);
#11521=EDGE_CURVE('',#13439,#13440,#560,.T.);
#11522=EDGE_CURVE('',#13440,#13441,#561,.T.);
#11523=EDGE_CURVE('',#13441,#13435,#562,.T.);
#11524=EDGE_CURVE('',#13442,#13442,#14538,.T.);
#11525=EDGE_CURVE('',#13443,#13443,#14539,.F.);
#11526=EDGE_CURVE('',#13440,#13444,#2528,.T.);
#11527=EDGE_CURVE('',#13439,#13445,#2529,.T.);
#11528=EDGE_CURVE('',#13445,#13444,#14540,.T.);
#11529=EDGE_CURVE('',#13446,#13446,#563,.T.);
#11530=EDGE_CURVE('',#13447,#13447,#564,.T.);
#11531=EDGE_CURVE('',#13448,#13448,#565,.T.);
#11532=EDGE_CURVE('',#13449,#13449,#566,.T.);
#11533=EDGE_CURVE('',#13450,#13450,#14541,.T.);
#11534=EDGE_CURVE('',#13451,#13451,#14542,.T.);
#11535=EDGE_CURVE('',#13452,#13445,#2530,.T.);
#11536=EDGE_CURVE('',#13452,#13453,#2531,.T.);
#11537=EDGE_CURVE('',#13444,#13453,#2532,.T.);
#11538=EDGE_CURVE('',#13454,#13454,#14543,.T.);
#11539=EDGE_CURVE('',#13437,#13455,#2533,.T.);
#11540=EDGE_CURVE('',#13455,#13456,#2534,.T.);
#11541=EDGE_CURVE('',#13435,#13456,#2535,.T.);
#11542=EDGE_CURVE('',#13441,#13457,#2536,.T.);
#11543=EDGE_CURVE('',#13457,#13458,#2537,.T.);
#11544=EDGE_CURVE('',#13438,#13458,#2538,.T.);
#11545=EDGE_CURVE('',#13453,#13457,#2539,.F.);
#11546=EDGE_CURVE('',#13458,#13452,#2540,.F.);
#11547=EDGE_CURVE('',#13434,#13459,#2541,.T.);
#11548=EDGE_CURVE('',#13460,#13459,#14544,.T.);
#11549=EDGE_CURVE('',#13436,#13460,#2542,.T.);
#11550=EDGE_CURVE('',#13459,#13461,#2543,.T.);
#11551=EDGE_CURVE('',#13461,#13462,#2544,.T.);
#11552=EDGE_CURVE('',#13462,#13460,#2545,.T.);
#11553=EDGE_CURVE('',#13463,#13463,#14545,.T.);
#11554=EDGE_CURVE('',#13456,#13461,#2546,.F.);
#11555=EDGE_CURVE('',#13462,#13455,#2547,.F.);
#11556=EDGE_CURVE('',#13464,#13432,#2548,.T.);
#11557=EDGE_CURVE('',#13465,#13431,#2549,.T.);
#11558=EDGE_CURVE('',#13465,#13464,#2550,.T.);
#11559=EDGE_CURVE('',#13466,#13429,#2551,.T.);
#11560=EDGE_CURVE('',#13467,#13466,#2552,.T.);
#11561=EDGE_CURVE('',#13467,#13430,#2553,.T.);
#11562=EDGE_CURVE('',#13468,#13467,#14546,.T.);
#11563=EDGE_CURVE('',#13468,#13465,#2554,.T.);
#11564=EDGE_CURVE('',#13469,#13464,#2555,.T.);
#11565=EDGE_CURVE('',#13469,#13466,#14547,.T.);
#11566=EDGE_CURVE('',#13468,#13469,#2556,.T.);
#13429=VERTEX_POINT('',#42867);
#13430=VERTEX_POINT('',#42868);
#13431=VERTEX_POINT('',#42873);
#13432=VERTEX_POINT('',#42881);
#13433=VERTEX_POINT('',#42919);
#13434=VERTEX_POINT('',#42924);
#13435=VERTEX_POINT('',#42925);
#13436=VERTEX_POINT('',#42942);
#13437=VERTEX_POINT('',#42947);
#13438=VERTEX_POINT('',#42961);
#13439=VERTEX_POINT('',#42966);
#13440=VERTEX_POINT('',#42983);
#13441=VERTEX_POINT('',#42988);
#13442=VERTEX_POINT('',#43010);
#13443=VERTEX_POINT('',#43012);
#13444=VERTEX_POINT('',#43015);
#13445=VERTEX_POINT('',#43017);
#13446=VERTEX_POINT('',#43552);
#13447=VERTEX_POINT('',#43564);
#13448=VERTEX_POINT('',#43601);
#13449=VERTEX_POINT('',#43637);
#13450=VERTEX_POINT('',#43640);
#13451=VERTEX_POINT('',#43642);
#13452=VERTEX_POINT('',#43645);
#13453=VERTEX_POINT('',#43647);
#13454=VERTEX_POINT('',#43651);
#13455=VERTEX_POINT('',#43655);
#13456=VERTEX_POINT('',#43657);
#13457=VERTEX_POINT('',#43660);
#13458=VERTEX_POINT('',#43662);
#13459=VERTEX_POINT('',#43671);
#13460=VERTEX_POINT('',#43673);
#13461=VERTEX_POINT('',#43677);
#13462=VERTEX_POINT('',#43679);
#13463=VERTEX_POINT('',#43683);
#13464=VERTEX_POINT('',#43693);
#13465=VERTEX_POINT('',#43695);
#13466=VERTEX_POINT('',#43699);
#13467=VERTEX_POINT('',#43701);
#13468=VERTEX_POINT('',#43705);
#13469=VERTEX_POINT('',#43709);
#14538=CIRCLE('',#21385,0.00125);
#14539=CIRCLE('',#21386,0.00125);
#14540=CIRCLE('',#21388,0.005);
#14541=CIRCLE('',#21390,0.00125);
#14542=CIRCLE('',#21391,0.00125);
#14543=CIRCLE('',#21394,0.003);
#14544=CIRCLE('',#21401,0.005);
#14545=CIRCLE('',#21404,0.003);
#14546=CIRCLE('',#21413,0.268544470980681);
#14547=CIRCLE('',#21415,0.268544470980681);
#15906=EDGE_LOOP('',(#8459,#8460,#8461,#8462));
#15907=EDGE_LOOP('',(#8463));
#15908=EDGE_LOOP('',(#8464,#8465,#8466,#8467,#8468,#8469,#8470,#8471));
#15909=EDGE_LOOP('',(#8472));
#15910=EDGE_LOOP('',(#8473));
#15911=EDGE_LOOP('',(#8474,#8475,#8476,#8477));
#15912=EDGE_LOOP('',(#8478));
#15913=EDGE_LOOP('',(#8479));
#15914=EDGE_LOOP('',(#8480));
#15915=EDGE_LOOP('',(#8481));
#15916=EDGE_LOOP('',(#8482));
#15917=EDGE_LOOP('',(#8483));
#15918=EDGE_LOOP('',(#8484,#8485,#8486,#8487));
#15919=EDGE_LOOP('',(#8488));
#15920=EDGE_LOOP('',(#8489));
#15921=EDGE_LOOP('',(#8490));
#15922=EDGE_LOOP('',(#8491));
#15923=EDGE_LOOP('',(#8492));
#15924=EDGE_LOOP('',(#8493));
#15925=EDGE_LOOP('',(#8494,#8495,#8496,#8497,#8498,#8499,#8500,#8501));
#15926=EDGE_LOOP('',(#8502));
#15927=EDGE_LOOP('',(#8503));
#15928=EDGE_LOOP('',(#8504,#8505,#8506,#8507,#8508));
#15929=EDGE_LOOP('',(#8509,#8510,#8511,#8512,#8513));
#15930=EDGE_LOOP('',(#8514,#8515,#8516,#8517));
#15931=EDGE_LOOP('',(#8518,#8519,#8520,#8521));
#15932=EDGE_LOOP('',(#8522));
#15933=EDGE_LOOP('',(#8523));
#15934=EDGE_LOOP('',(#8524));
#15935=EDGE_LOOP('',(#8525));
#15936=EDGE_LOOP('',(#8526));
#15937=EDGE_LOOP('',(#8527,#8528,#8529,#8530,#8531));
#15938=EDGE_LOOP('',(#8532,#8533,#8534,#8535,#8536));
#15939=EDGE_LOOP('',(#8537,#8538,#8539,#8540));
#15940=EDGE_LOOP('',(#8541,#8542,#8543,#8544));
#15941=EDGE_LOOP('',(#8545,#8546,#8547,#8548));
#15942=EDGE_LOOP('',(#8549,#8550,#8551,#8552));
#15943=EDGE_LOOP('',(#8553,#8554,#8555,#8556,#8557));
#15944=EDGE_LOOP('',(#8558,#8559,#8560,#8561,#8562));
#15945=EDGE_LOOP('',(#8563,#8564,#8565,#8566));
#15946=EDGE_LOOP('',(#8567,#8568,#8569,#8570));
#17475=FACE_BOUND('',#15906,.T.);
#17476=FACE_BOUND('',#15907,.T.);
#17477=FACE_BOUND('',#15908,.T.);
#17478=FACE_BOUND('',#15909,.T.);
#17479=FACE_BOUND('',#15910,.T.);
#17480=FACE_BOUND('',#15911,.T.);
#17481=FACE_BOUND('',#15912,.T.);
#17482=FACE_BOUND('',#15913,.T.);
#17483=FACE_BOUND('',#15914,.T.);
#17484=FACE_BOUND('',#15915,.T.);
#17485=FACE_BOUND('',#15916,.T.);
#17486=FACE_BOUND('',#15917,.T.);
#17487=FACE_BOUND('',#15918,.T.);
#17488=FACE_BOUND('',#15919,.T.);
#17489=FACE_BOUND('',#15920,.T.);
#17490=FACE_BOUND('',#15921,.T.);
#17491=FACE_BOUND('',#15922,.T.);
#17492=FACE_BOUND('',#15923,.T.);
#17493=FACE_BOUND('',#15924,.T.);
#17494=FACE_BOUND('',#15925,.T.);
#17495=FACE_BOUND('',#15926,.T.);
#17496=FACE_BOUND('',#15927,.T.);
#17497=FACE_BOUND('',#15928,.T.);
#17498=FACE_BOUND('',#15929,.T.);
#17499=FACE_BOUND('',#15930,.T.);
#17500=FACE_BOUND('',#15931,.T.);
#17501=FACE_BOUND('',#15932,.T.);
#17502=FACE_BOUND('',#15933,.T.);
#17503=FACE_BOUND('',#15934,.T.);
#17504=FACE_BOUND('',#15935,.T.);
#17505=FACE_BOUND('',#15936,.T.);
#17506=FACE_BOUND('',#15937,.T.);
#17507=FACE_BOUND('',#15938,.T.);
#17508=FACE_BOUND('',#15939,.T.);
#17509=FACE_BOUND('',#15940,.T.);
#17510=FACE_BOUND('',#15941,.T.);
#17511=FACE_BOUND('',#15942,.T.);
#17512=FACE_BOUND('',#15943,.T.);
#17513=FACE_BOUND('',#15944,.T.);
#17514=FACE_BOUND('',#15945,.T.);
#17515=FACE_BOUND('',#15946,.T.);
#18236=PLANE('',#21392);
#18237=PLANE('',#21395);
#18238=PLANE('',#21396);
#18239=PLANE('',#21398);
#18240=PLANE('',#21399);
#18241=PLANE('',#21402);
#18242=PLANE('',#21403);
#18243=PLANE('',#21406);
#18244=PLANE('',#21407);
#18245=PLANE('',#21408);
#18246=PLANE('',#21409);
#18247=PLANE('',#21410);
#18248=PLANE('',#21411);
#18249=PLANE('',#21412);
#18250=PLANE('',#21414);
#18251=PLANE('',#21417);
#19215=ADVANCED_FACE('',(#17475,#17476,#17477),#160,.F.);
#19216=ADVANCED_FACE('',(#17478,#17479),#4302,.F.);
#19217=ADVANCED_FACE('',(#17480),#4303,.T.);
#19218=ADVANCED_FACE('',(#17481,#17482,#17483,#17484),#161,.T.);
#19219=ADVANCED_FACE('',(#17485,#17486),#4304,.F.);
#19220=ADVANCED_FACE('',(#17487,#17488),#18236,.F.);
#19221=ADVANCED_FACE('',(#17489,#17490),#4305,.F.);
#19222=ADVANCED_FACE('',(#17491,#17492),#18237,.T.);
#19223=ADVANCED_FACE('',(#17493,#17494),#18238,.F.);
#19224=ADVANCED_FACE('',(#17495,#17496),#4306,.T.);
#19225=ADVANCED_FACE('',(#17497),#18239,.F.);
#19226=ADVANCED_FACE('',(#17498),#18240,.F.);
#19227=ADVANCED_FACE('',(#17499),#4307,.T.);
#19228=ADVANCED_FACE('',(#17500,#17501),#18241,.F.);
#19229=ADVANCED_FACE('',(#17502,#17503),#18242,.T.);
#19230=ADVANCED_FACE('',(#17504,#17505),#4308,.F.);
#19231=ADVANCED_FACE('',(#17506),#18243,.T.);
#19232=ADVANCED_FACE('',(#17507),#18244,.T.);
#19233=ADVANCED_FACE('',(#17508),#18245,.F.);
#19234=ADVANCED_FACE('',(#17509),#18246,.F.);
#19235=ADVANCED_FACE('',(#17510),#18247,.F.);
#19236=ADVANCED_FACE('',(#17511),#18248,.T.);
#19237=ADVANCED_FACE('',(#17512),#18249,.T.);
#19238=ADVANCED_FACE('',(#17513),#18250,.F.);
#19239=ADVANCED_FACE('',(#17514),#4309,.F.);
#19240=ADVANCED_FACE('',(#17515),#18251,.F.);
#19474=CLOSED_SHELL('',(#19215,#19216,#19217,#19218,#19219,#19220,#19221,
#19222,#19223,#19224,#19225,#19226,#19227,#19228,#19229,#19230,#19231,#19232,
#19233,#19234,#19235,#19236,#19237,#19238,#19239,#19240));
#19715=MANIFOLD_SOLID_BREP('Proximal_Shell',#19474);
#19788=SHAPE_REPRESENTATION('Proximal_Shell',(#19811),#53703);
#19811=AXIS2_PLACEMENT_3D('',#27616,#22037,#22038);
#21384=AXIS2_PLACEMENT_3D('',#43008,#26089,#26090);
#21385=AXIS2_PLACEMENT_3D('',#43009,#26091,#26092);
#21386=AXIS2_PLACEMENT_3D('',#43011,#26093,#26094);
#21387=AXIS2_PLACEMENT_3D('',#43013,#26095,#26096);
#21388=AXIS2_PLACEMENT_3D('',#43018,#26099,#26100);
#21389=AXIS2_PLACEMENT_3D('',#43638,#26101,#26102);
#21390=AXIS2_PLACEMENT_3D('',#43639,#26103,#26104);
#21391=AXIS2_PLACEMENT_3D('',#43641,#26105,#26106);
#21392=AXIS2_PLACEMENT_3D('',#43643,#26107,#26108);
#21393=AXIS2_PLACEMENT_3D('',#43649,#26112,#26113);
#21394=AXIS2_PLACEMENT_3D('',#43650,#26114,#26115);
#21395=AXIS2_PLACEMENT_3D('',#43652,#26116,#26117);
#21396=AXIS2_PLACEMENT_3D('',#43653,#26118,#26119);
#21397=AXIS2_PLACEMENT_3D('',#43664,#26126,#26127);
#21398=AXIS2_PLACEMENT_3D('',#43665,#26128,#26129);
#21399=AXIS2_PLACEMENT_3D('',#43667,#26131,#26132);
#21400=AXIS2_PLACEMENT_3D('',#43669,#26134,#26135);
#21401=AXIS2_PLACEMENT_3D('',#43672,#26137,#26138);
#21402=AXIS2_PLACEMENT_3D('',#43675,#26140,#26141);
#21403=AXIS2_PLACEMENT_3D('',#43681,#26145,#26146);
#21404=AXIS2_PLACEMENT_3D('',#43682,#26147,#26148);
#21405=AXIS2_PLACEMENT_3D('',#43684,#26149,#26150);
#21406=AXIS2_PLACEMENT_3D('',#43685,#26151,#26152);
#21407=AXIS2_PLACEMENT_3D('',#43687,#26154,#26155);
#21408=AXIS2_PLACEMENT_3D('',#43689,#26157,#26158);
#21409=AXIS2_PLACEMENT_3D('',#43690,#26159,#26160);
#21410=AXIS2_PLACEMENT_3D('',#43691,#26161,#26162);
#21411=AXIS2_PLACEMENT_3D('',#43697,#26166,#26167);
#21412=AXIS2_PLACEMENT_3D('',#43703,#26171,#26172);
#21413=AXIS2_PLACEMENT_3D('',#43704,#26173,#26174);
#21414=AXIS2_PLACEMENT_3D('',#43707,#26176,#26177);
#21415=AXIS2_PLACEMENT_3D('',#43710,#26179,#26180);
#21416=AXIS2_PLACEMENT_3D('',#43711,#26181,#26182);
#21417=AXIS2_PLACEMENT_3D('',#43713,#26184,#26185);
#22037=DIRECTION('',(0.,0.,1.));
#22038=DIRECTION('',(1.,0.,0.));
#26089=DIRECTION('',(-1.,0.,0.));
#26090=DIRECTION('',(0.,0.,1.));
#26091=DIRECTION('',(-1.,0.,0.));
#26092=DIRECTION('',(0.,0.,1.));
#26093=DIRECTION('',(1.,0.,0.));
#26094=DIRECTION('',(0.,0.,-1.));
#26095=DIRECTION('',(1.,0.,0.));
#26096=DIRECTION('',(0.,0.,-1.));
#26097=DIRECTION('',(1.,0.,0.));
#26098=DIRECTION('',(1.,0.,0.));
#26099=DIRECTION('',(-1.,0.,0.));
#26100=DIRECTION('',(0.,0.,1.));
#26101=DIRECTION('',(1.,0.,0.));
#26102=DIRECTION('',(0.,0.,-1.));
#26103=DIRECTION('',(-1.,0.,0.));
#26104=DIRECTION('',(0.,0.,1.));
#26105=DIRECTION('',(-1.,0.,0.));
#26106=DIRECTION('',(0.,0.,1.));
#26107=DIRECTION('',(-1.,0.,0.));
#26108=DIRECTION('',(0.,-1.,0.));
#26109=DIRECTION('',(0.,-1.,-3.78548551577022E-16));
#26110=DIRECTION('',(0.,0.152737550599294,0.988266786165016));
#26111=DIRECTION('',(0.,1.,2.8760969837721E-16));
#26112=DIRECTION('',(1.,0.,0.));
#26113=DIRECTION('',(0.,0.,-1.));
#26114=DIRECTION('',(-1.,0.,0.));
#26115=DIRECTION('',(0.,0.,1.));
#26116=DIRECTION('',(-1.,0.,0.));
#26117=DIRECTION('',(0.,-1.,0.));
#26118=DIRECTION('',(0.,-0.988266786165015,0.152737550599294));
#26119=DIRECTION('',(0.,-0.152737550599294,-0.988266786165016));
#26120=DIRECTION('',(-1.,0.,0.));
#26121=DIRECTION('',(0.,0.152737550599294,0.988266786165016));
#26122=DIRECTION('',(-1.,0.,0.));
#26123=DIRECTION('',(1.,0.,0.));
#26124=DIRECTION('',(0.,-0.152737550599294,-0.988266786165016));
#26125=DIRECTION('',(1.,0.,0.));
#26126=DIRECTION('',(1.,0.,0.));
#26127=DIRECTION('',(0.,0.,-1.));
#26128=DIRECTION('',(0.,2.8760969837721E-16,-1.));
#26129=DIRECTION('',(0.,1.,2.8760969837721E-16));
#26130=DIRECTION('',(0.137571238070281,-0.990491875007468,-2.84875069415975E-16));
#26131=DIRECTION('',(0.,-3.78548551577022E-16,1.));
#26132=DIRECTION('',(0.,-1.,-3.78548551577023E-16));
#26133=DIRECTION('',(-0.137571238070281,0.990491875007468,3.74949264632886E-16));
#26134=DIRECTION('',(-1.,0.,0.));
#26135=DIRECTION('',(0.,0.,1.));
#26136=DIRECTION('',(-1.,0.,0.));
#26137=DIRECTION('',(-1.,0.,0.));
#26138=DIRECTION('',(0.,0.,1.));
#26139=DIRECTION('',(-1.,0.,0.));
#26140=DIRECTION('',(1.,0.,0.));
#26141=DIRECTION('',(0.,-1.,0.));
#26142=DIRECTION('',(0.,1.,2.8760969837721E-16));
#26143=DIRECTION('',(0.,-0.152737550599294,-0.988266786165016));
#26144=DIRECTION('',(0.,-1.,-3.78548551577022E-16));
#26145=DIRECTION('',(1.,0.,0.));
#26146=DIRECTION('',(0.,-1.,0.));
#26147=DIRECTION('',(-1.,0.,0.));
#26148=DIRECTION('',(0.,0.,1.));
#26149=DIRECTION('',(-1.,0.,0.));
#26150=DIRECTION('',(0.,0.,1.));
#26151=DIRECTION('',(0.,-2.8760969837721E-16,1.));
#26152=DIRECTION('',(0.,-1.,-2.8760969837721E-16));
#26153=DIRECTION('',(0.137571238070281,0.990491875007468,2.85336478718737E-16));
#26154=DIRECTION('',(0.,3.78548551577022E-16,-1.));
#26155=DIRECTION('',(0.,1.,3.78548551577023E-16));
#26156=DIRECTION('',(-0.137571238070281,-0.990491875007468,-3.75369973164112E-16));
#26157=DIRECTION('',(-0.99026806874157,-0.137540153206423,0.0212569585499486));
#26158=DIRECTION('',(0.,0.152737550599294,0.988266786165016));
#26159=DIRECTION('',(0.99026806874157,-0.137540153206423,0.0212569585499486));
#26160=DIRECTION('',(0.,0.152737550599294,0.988266786165016));
#26161=DIRECTION('',(0.,-0.242098534717715,0.970251668118914));
#26162=DIRECTION('',(0.,-0.970251668118914,-0.242098534717715));
#26163=DIRECTION('',(0.,0.970251668118914,0.242098534717715));
#26164=DIRECTION('',(0.,0.970251668118914,0.242098534717715));
#26165=DIRECTION('',(-1.,0.,0.));
#26166=DIRECTION('',(0.,-0.141242627492793,-0.989975009875973));
#26167=DIRECTION('',(0.,0.989975009875973,-0.141242627492793));
#26168=DIRECTION('',(0.,-0.989975009875973,0.141242627492793));
#26169=DIRECTION('',(-1.,0.,0.));
#26170=DIRECTION('',(0.,-0.989975009875973,0.141242627492793));
#26171=DIRECTION('',(1.,0.,0.));
#26172=DIRECTION('',(0.,1.,0.));
#26173=DIRECTION('',(1.,0.,0.));
#26174=DIRECTION('',(0.,0.,-1.));
#26175=DIRECTION('',(0.,1.,0.));
#26176=DIRECTION('',(1.,0.,0.));
#26177=DIRECTION('',(0.,1.,0.));
#26178=DIRECTION('',(0.,1.,0.));
#26179=DIRECTION('',(1.,0.,0.));
#26180=DIRECTION('',(0.,0.,-1.));
#26181=DIRECTION('',(-1.,0.,0.));
#26182=DIRECTION('',(0.,0.,1.));
#26183=DIRECTION('',(-1.,0.,0.));
#26184=DIRECTION('',(0.,0.,1.));
#26185=DIRECTION('',(1.,0.,0.));
#27616=CARTESIAN_POINT('',(0.,0.,0.));
#42535=CARTESIAN_POINT('',(-0.000905452770570399,0.00775366498385022,0.0114470897755832));
#42536=CARTESIAN_POINT('',(-0.000938648016048892,0.0150189198139466,0.0123879670912351));
#42537=CARTESIAN_POINT('',(-0.00101889727622885,0.0296319471774634,0.0135901610996115));
#42538=CARTESIAN_POINT('',(-0.00111395022189683,0.0442959753441897,0.0134205379322471));
#42539=CARTESIAN_POINT('',(-0.00116342680048017,0.051607235658136,0.0129933355092943));
#42540=CARTESIAN_POINT('',(2.35813972515597E-18,0.00775486747270145,0.0114666361905542));
#42541=CARTESIAN_POINT('',(7.45388993583784E-19,0.015019678787092,0.0124166656210439));
#42542=CARTESIAN_POINT('',(2.62919026827735E-18,0.0296317380231336,0.0136313549660807));
#42543=CARTESIAN_POINT('',(-1.59919820441612E-18,0.0442951627480273,0.0134642853234599));
#42544=CARTESIAN_POINT('',(-2.03287907341032E-18,0.0516063637345453,0.0130356741550624));
#42545=CARTESIAN_POINT('',(0.000905452770570389,0.00775366498385023,0.0114470897755832));
#42546=CARTESIAN_POINT('',(0.000938648016048889,0.0150189198139466,0.0123879670912351));
#42547=CARTESIAN_POINT('',(0.00101889727622884,0.0296319471774634,0.0135901610996115));
#42548=CARTESIAN_POINT('',(0.00111395022189684,0.0442959753441897,0.0134205379322471));
#42549=CARTESIAN_POINT('',(0.00116342680048018,0.051607235658136,0.0129933355092943));
#42550=CARTESIAN_POINT('',(0.00178418587841892,0.00775059334822329,0.0113886846816194));
#42551=CARTESIAN_POINT('',(0.00187647464786207,0.0150171531691322,0.0123031966920616));
#42552=CARTESIAN_POINT('',(0.00207261976678965,0.0296326961362394,0.0134679768597395));
#42553=CARTESIAN_POINT('',(0.00225976204833626,0.0442980672295173,0.0132901458059216));
#42554=CARTESIAN_POINT('',(0.00234859220164727,0.0516094331351559,0.0128664899205277));
#42555=CARTESIAN_POINT('',(0.00266578540851036,0.00774597223190836,0.0112915292200052));
#42556=CARTESIAN_POINT('',(0.0028249698135881,0.0150146217873974,0.0121633306377239));
#42557=CARTESIAN_POINT('',(0.00314016826627778,0.0296338165973016,0.0132668722565456));
#42558=CARTESIAN_POINT('',(0.00339965205585185,0.0443010364760072,0.0130751859276547));
#42559=CARTESIAN_POINT('',(0.00351272981030567,0.0516125704063081,0.0126565893311783));
#42560=CARTESIAN_POINT('',(0.00355851146401867,0.00774004387763199,0.0111544228516227));
#42561=CARTESIAN_POINT('',(0.00379049973398493,0.0150113696221707,0.0119683579043717));
#42562=CARTESIAN_POINT('',(0.00422137202595389,0.0296349705277849,0.0129880726723885));
#42563=CARTESIAN_POINT('',(0.00452661861126687,0.044304121484178,0.0127769597467652));
#42564=CARTESIAN_POINT('',(0.00464535387623239,0.0516157511454671,0.0123646409544165));
#42565=CARTESIAN_POINT('',(0.00431555736404698,0.00773480172368336,0.0110027288646254));
#42566=CARTESIAN_POINT('',(0.00460780073227093,0.0150085305240041,0.0117599169784884));
#42567=CARTESIAN_POINT('',(0.00512162332872393,0.0296360955383259,0.0126982868161673));
#42568=CARTESIAN_POINT('',(0.00543506670110334,0.0443067213766956,0.0124722429391545));
#42569=CARTESIAN_POINT('',(0.00553969843466099,0.0516183075207339,0.0120687755774783));
#42570=CARTESIAN_POINT('',(0.00487411263416753,0.00773067077053213,0.0108684011990563));
#42571=CARTESIAN_POINT('',(0.0052028106555443,0.0150062198573719,0.011582991252677));
#42572=CARTESIAN_POINT('',(0.00575993201852876,0.029636610700113,0.0124619824504822));
#42573=CARTESIAN_POINT('',(0.00605889945081011,0.0443080400108906,0.0122288529006221));
#42574=CARTESIAN_POINT('',(0.00614206984965526,0.0516194538557888,0.0118346828453367));
#42575=CARTESIAN_POINT('',(0.00518092248041182,0.0077288335380739,0.0107901880655066));
#42576=CARTESIAN_POINT('',(0.00553075826811812,0.0150052460256537,0.0114805545656111));
#42577=CARTESIAN_POINT('',(0.00610970638560643,0.0296372055118934,0.0123259432132116));
#42578=CARTESIAN_POINT('',(0.00639359958048577,0.0443091471954204,0.0120906657948985));
#42579=CARTESIAN_POINT('',(0.00646010995545888,0.0516204982273784,0.0117031871259587));
#42580=CARTESIAN_POINT('',(0.005456547032394,0.00772803093107014,0.010706531027927));
#42581=CARTESIAN_POINT('',(0.00582878021076377,0.0150049868611582,0.0113736772808144));
#42582=CARTESIAN_POINT('',(0.00642782381677129,0.0296383903731974,0.0121870091295649));
#42583=CARTESIAN_POINT('',(0.0066898392825882,0.0443109826405541,0.0119526035845242));
#42584=CARTESIAN_POINT('',(0.00673478987268679,0.0516223895957906,0.0115739616180633));
#42585=CARTESIAN_POINT('',(0.00581700471105061,0.00772664487481122,0.0105711753541623));
#42586=CARTESIAN_POINT('',(0.00621223273019381,0.0150043998439052,0.011209127350983));
#42587=CARTESIAN_POINT('',(0.00682783418663245,0.0296395434783904,0.0119837771587408));
#42588=CARTESIAN_POINT('',(0.00705387257634478,0.0443127076354518,0.0117540947912124));
#42589=CARTESIAN_POINT('',(0.00706716522960426,0.0516240695513289,0.0113892939943313));
#42590=CARTESIAN_POINT('',(0.00637766075242046,0.0077247796107963,0.0102974528700269));
#42591=CARTESIAN_POINT('',(0.00680635332766577,0.0150037187594759,0.0108901001368704));
#42592=CARTESIAN_POINT('',(0.00743986113570656,0.0296413935342608,0.0116082269293014));
#42593=CARTESIAN_POINT('',(0.00759687928204914,0.0443150344342034,0.0113954433457383));
#42594=CARTESIAN_POINT('',(0.00755308477557541,0.0516260560795601,0.0110590609340308));
#42595=CARTESIAN_POINT('',(0.00705048329877491,0.00772246033321172,0.00984124518499943));
#42596=CARTESIAN_POINT('',(0.00751331116195076,0.0150029777413616,0.010381699708135));
#42597=CARTESIAN_POINT('',(0.0081546931903107,0.0296434297272445,0.011043657356774));
#42598=CARTESIAN_POINT('',(0.00820977484662943,0.0443168727360879,0.0108731299076551));
#42599=CARTESIAN_POINT('',(0.00808640405514694,0.0516269609038875,0.0105855234797472));
#42600=CARTESIAN_POINT('',(0.00762413160436259,0.00772059967298884,0.00925522462580902));
#42601=CARTESIAN_POINT('',(0.00812158434344334,0.0150026345578127,0.00974791560741144));
#42602=CARTESIAN_POINT('',(0.00877342460128749,0.0296451770521341,0.0103684883609166));
#42603=CARTESIAN_POINT('',(0.00873002483325014,0.0443173814780677,0.0102611519881653));
#42604=CARTESIAN_POINT('',(0.00853044694487177,0.0516258196274421,0.0100342814790989));
#42605=CARTESIAN_POINT('',(0.00799862807671822,0.00771932766645912,0.00874139444929576));
#42606=CARTESIAN_POINT('',(0.00852714922289386,0.0150025231123565,0.00919327261188973));
#42607=CARTESIAN_POINT('',(0.00919621801797176,0.0296462862161296,0.00977891489477234));
#42608=CARTESIAN_POINT('',(0.00908525175212882,0.0443169652947027,0.00972270946697087));
#42609=CARTESIAN_POINT('',(0.00883207426327254,0.051623778376356,0.00954409278625687));
#42610=CARTESIAN_POINT('',(0.0082011244138808,0.0077188227196988,0.00839848999221698));
#42611=CARTESIAN_POINT('',(0.00874959400692529,0.0150026240166346,0.00882429623441412));
#42612=CARTESIAN_POINT('',(0.00943189875525704,0.0296468773458746,0.00938674845535588));
#42613=CARTESIAN_POINT('',(0.00928262841043559,0.0443163515740841,0.00936095784761653));
#42614=CARTESIAN_POINT('',(0.00899852465920534,0.0516220293568829,0.00921145112616814));
#42615=CARTESIAN_POINT('',(0.00833286200781561,0.00771819674778668,0.00813521708909046));
#42616=CARTESIAN_POINT('',(0.00889828384263022,0.0150025368878705,0.00853677670449084));
#42617=CARTESIAN_POINT('',(0.0095936083127997,0.0296471336455528,0.0090760341304743));
#42618=CARTESIAN_POINT('',(0.00941721915862969,0.0443156307321038,0.00907121929942962));
#42619=CARTESIAN_POINT('',(0.00911093634610361,0.0516204676155557,0.00894293053066755));
#42620=CARTESIAN_POINT('',(0.00847552244408823,0.00771863913720552,0.00782214668444684));
#42621=CARTESIAN_POINT('',(0.00905704295450869,0.0150031530120127,0.00820238829559568));
#42622=CARTESIAN_POINT('',(0.00976502594896029,0.0296477067067415,0.00871874118353166));
#42623=CARTESIAN_POINT('',(0.00956219524110389,0.0443148333556081,0.00872943999171239));
#42624=CARTESIAN_POINT('',(0.00923337087372816,0.0516184360830289,0.00861831124778282));
#42625=CARTESIAN_POINT('',(0.00870390018287466,0.00771930558287011,0.00728706370037832));
#42626=CARTESIAN_POINT('',(0.00931386275208106,0.0150041306734783,0.00762792232451234));
#42627=CARTESIAN_POINT('',(0.0100448553052763,0.0296485514363931,0.00810099451455152));
#42628=CARTESIAN_POINT('',(0.00979743085924405,0.0443132664752142,0.00813634160866157));
#42629=CARTESIAN_POINT('',(0.00943046438879359,0.0516147759723644,0.00805404387500318));
#42630=CARTESIAN_POINT('',(0.00909720951224851,0.00772148944388623,0.0062008570242584));
#42631=CARTESIAN_POINT('',(0.0097623512306996,0.0150065354167529,0.00646077300930064));
#42632=CARTESIAN_POINT('',(0.0105395083431812,0.029650034767347,0.00683855027650835));
#42633=CARTESIAN_POINT('',(0.0102087681209978,0.0443094816474851,0.00690842658221143));
#42634=CARTESIAN_POINT('',(0.00976962089221252,0.0516066492091151,0.00687452647303619));
#42635=CARTESIAN_POINT('',(0.00948097805420149,0.00772556710189952,0.00463857197658845));
#42636=CARTESIAN_POINT('',(0.0102115204277824,0.0150102196002303,0.00478378537585934));
#42637=CARTESIAN_POINT('',(0.0110399111147592,0.0296510525916183,0.0050124351780353));
#42638=CARTESIAN_POINT('',(0.010598236576935,0.0443024713654709,0.00509680085103917));
#42639=CARTESIAN_POINT('',(0.0100651975881019,0.0515936985091942,0.00510813570506053));
#42640=CARTESIAN_POINT('',(0.00967789077324521,0.00772935077406424,0.00272511108647323));
#42641=CARTESIAN_POINT('',(0.0104482504922254,0.0150132059783904,0.00276565215656456));
#42642=CARTESIAN_POINT('',(0.0112872566320329,0.0296500712498938,0.00284433632596051));
#42643=CARTESIAN_POINT('',(0.0107170449250174,0.0442933893993274,0.00291062962780846));
#42644=CARTESIAN_POINT('',(0.0100846990158867,0.051579332179315,0.00294167258597307));
#42645=CARTESIAN_POINT('',(0.00962564678804204,0.00772856250301009,0.00126072819327911));
#42646=CARTESIAN_POINT('',(0.0103929382422953,0.0150120879270189,0.0012705473534251));
#42647=CARTESIAN_POINT('',(0.0111987894706312,0.0296473996918162,0.00129793683200537));
#42648=CARTESIAN_POINT('',(0.0105420184712236,0.0442883123174579,0.0013430824463431));
#42649=CARTESIAN_POINT('',(0.00985117413940481,0.0515726570357322,0.00137032596314315));
#42650=CARTESIAN_POINT('',(0.0094976769251109,0.00772562137461244,0.000255569082428632));
#42651=CARTESIAN_POINT('',(0.010250755383736,0.0150090482532513,0.000272421809700605));
#42652=CARTESIAN_POINT('',(0.011023970787835,0.0296445791195349,0.000308250162799507));
#42653=CARTESIAN_POINT('',(0.0103221670612117,0.0442863108489875,0.000345597959115252));
#42654=CARTESIAN_POINT('',(0.00960420256167686,0.0515707477625528,0.000364045348117067));
#42655=CARTESIAN_POINT('',(0.00938888477243153,0.00772239379110788,-0.000394391377778237));
#42656=CARTESIAN_POINT('',(0.0101298756115664,0.0150058648776834,-0.000364434281343167));
#42657=CARTESIAN_POINT('',(0.0108796880757887,0.0296425322914274,-0.000315603233591155));
#42658=CARTESIAN_POINT('',(0.0101523358846796,0.0442859739561608,-0.000284139293502602));
#42659=CARTESIAN_POINT('',(0.00942089674445419,0.0515709182092765,-0.000271363662956185));
#42660=CARTESIAN_POINT('',(0.00910673790870075,0.00771398140207199,-0.00152066239429358));
#42661=CARTESIAN_POINT('',(0.00980754365927113,0.014998810296529,-0.00150174112509555));
#42662=CARTESIAN_POINT('',(0.0104960987369289,0.0296404744637509,-0.00146296062310325));
#42663=CARTESIAN_POINT('',(0.00974731386803858,0.0442878674703842,-0.001394749796982));
#42664=CARTESIAN_POINT('',(0.00901543798558174,0.0515735021582607,-0.00135197570155696));
#42665=CARTESIAN_POINT('',(0.00845590080376094,0.00769864935238358,-0.00306997197671664));
#42666=CARTESIAN_POINT('',(0.00905350590888552,0.0149881189255514,-0.00313220898100545));
#42667=CARTESIAN_POINT('',(0.00960916507764388,0.0296404927115086,-0.00315890642113927));
#42668=CARTESIAN_POINT('',(0.00889342657534551,0.0442932981732496,-0.00294859708365157));
#42669=CARTESIAN_POINT('',(0.0082197451686084,0.0515793193792158,-0.00278315296047076));
#42670=CARTESIAN_POINT('',(0.0072863385772215,0.00768617333050007,-0.0047403225603399));
#42671=CARTESIAN_POINT('',(0.0077108075396504,0.014981119034867,-0.00496446223502584));
#42672=CARTESIAN_POINT('',(0.00807732814886594,0.0296440211595787,-0.00511513293922946));
#42673=CARTESIAN_POINT('',(0.00748855623540136,0.0442980080776489,-0.00465498060704526));
#42674=CARTESIAN_POINT('',(0.0069626099686995,0.0515806105465556,-0.00426726176697115));
#42675=CARTESIAN_POINT('',(0.00578353680332646,0.00768571915838516,-0.00613351950394253));
#42676=CARTESIAN_POINT('',(0.00601843797429428,0.0149820806431746,-0.00653844805203508));
#42677=CARTESIAN_POINT('',(0.00620195566662615,0.0296493598013056,-0.0068323424130685));
#42678=CARTESIAN_POINT('',(0.00579376995975982,0.0442981047346913,-0.00610226744791844));
#42679=CARTESIAN_POINT('',(0.00545760565890931,0.0515721151017201,-0.0054755550548046));
#42680=CARTESIAN_POINT('',(0.00400500790731341,0.00769690238133031,-0.00718084770455605));
#42681=CARTESIAN_POINT('',(0.00407522530675287,0.0149904701048409,-0.00774632751193286));
#42682=CARTESIAN_POINT('',(0.00411219212978606,0.0296550776696583,-0.00817722054139418));
#42683=CARTESIAN_POINT('',(0.00390365534335551,0.0442930221196804,-0.00720743081306238));
#42684=CARTESIAN_POINT('',(0.00375672535349962,0.0515553526757082,-0.00637264670502989));
#42685=CARTESIAN_POINT('',(0.00237380186198696,0.00771034928094991,-0.00771681381570027));
#42686=CARTESIAN_POINT('',(0.00236282101769126,0.0150007943118627,-0.00837505962823546));
#42687=CARTESIAN_POINT('',(0.00233121980580668,0.029658818520184,-0.00889005557720912));
#42688=CARTESIAN_POINT('',(0.00226019656153694,0.0442857937669423,-0.00778665723558033));
#42689=CARTESIAN_POINT('',(0.0022252695285707,0.051539852403186,-0.00683562394214804));
#42690=CARTESIAN_POINT('',(0.00102090992113363,0.00771784637360101,-0.00793269484475367));
#42691=CARTESIAN_POINT('',(0.00099460740847878,0.0150070075669242,-0.00863036654082787));
#42692=CARTESIAN_POINT('',(0.000957618485926966,0.0296604922377048,-0.00917951096751248));
#42693=CARTESIAN_POINT('',(0.000952708895046276,0.0442811327078096,-0.00802344351580754));
#42694=CARTESIAN_POINT('',(0.000960463096636927,0.0515316457474424,-0.00702407627576121));
#42695=CARTESIAN_POINT('',(-6.91787186852933E-18,0.00772025848390732,-0.00798707339553449));
#42696=CARTESIAN_POINT('',(-1.78403605369333E-18,0.015009129687252,-0.008695129022903));
#42697=CARTESIAN_POINT('',(-5.35164358398279E-18,0.0296609220181289,-0.00925227114978041));
#42698=CARTESIAN_POINT('',(-2.48019586771313E-18,0.0442794477871825,-0.00808388854254404));
#42699=CARTESIAN_POINT('',(-4.26400205054735E-18,0.0515290659056901,-0.00707200171693853));
#42700=CARTESIAN_POINT('',(-0.00102090992113365,0.007717846373601,-0.00793269484475367));
#42701=CARTESIAN_POINT('',(-0.000994607408478815,0.0150070075669242,-0.00863036654082786));
#42702=CARTESIAN_POINT('',(-0.000957618485926971,0.0296604922377048,-0.00917951096751248));
#42703=CARTESIAN_POINT('',(-0.000952708895046294,0.0442811327078097,-0.00802344351580753));
#42704=CARTESIAN_POINT('',(-0.000960463096636934,0.0515316457474425,-0.00702407627576121));
#42705=CARTESIAN_POINT('',(-0.00237380186198702,0.00771034928094992,-0.00771681381570026));
#42706=CARTESIAN_POINT('',(-0.00236282101769129,0.0150007943118627,-0.00837505962823545));
#42707=CARTESIAN_POINT('',(-0.00233121980580674,0.0296588185201841,-0.00889005557720911));
#42708=CARTESIAN_POINT('',(-0.00226019656153697,0.0442857937669423,-0.00778665723558032));
#42709=CARTESIAN_POINT('',(-0.00222526952857074,0.051539852403186,-0.00683562394214803));
#42710=CARTESIAN_POINT('',(-0.00400500790731347,0.00769690238133029,-0.00718084770455602));
#42711=CARTESIAN_POINT('',(-0.00407522530675295,0.0149904701048409,-0.00774632751193281));
#42712=CARTESIAN_POINT('',(-0.00411219212978612,0.0296550776696583,-0.00817722054139415));
#42713=CARTESIAN_POINT('',(-0.00390365534335556,0.0442930221196804,-0.00720743081306233));
#42714=CARTESIAN_POINT('',(-0.00375672535349967,0.0515553526757082,-0.00637264670502986));
#42715=CARTESIAN_POINT('',(-0.00578353680332645,0.00768571915838515,-0.00613351950394254));
#42716=CARTESIAN_POINT('',(-0.00601843797429425,0.0149820806431747,-0.0065384480520351));
#42717=CARTESIAN_POINT('',(-0.00620195566662614,0.0296493598013056,-0.0068323424130685));
#42718=CARTESIAN_POINT('',(-0.00579376995975982,0.0442981047346913,-0.00610226744791845));
#42719=CARTESIAN_POINT('',(-0.00545760565890928,0.0515721151017201,-0.0054755550548046));
#42720=CARTESIAN_POINT('',(-0.00728633857722151,0.00768617333050005,-0.00474032256033988));
#42721=CARTESIAN_POINT('',(-0.00771080753965042,0.0149811190348669,-0.00496446223502582));
#42722=CARTESIAN_POINT('',(-0.00807732814886595,0.0296440211595787,-0.00511513293922944));
#42723=CARTESIAN_POINT('',(-0.00748855623540137,0.0442980080776488,-0.00465498060704525));
#42724=CARTESIAN_POINT('',(-0.00696260996869951,0.0515806105465556,-0.00426726176697113));
#42725=CARTESIAN_POINT('',(-0.00845590080376096,0.00769864935238362,-0.00306997197671658));
#42726=CARTESIAN_POINT('',(-0.00905350590888557,0.0149881189255514,-0.00313220898100539));
#42727=CARTESIAN_POINT('',(-0.00960916507764391,0.0296404927115086,-0.0031589064211392));
#42728=CARTESIAN_POINT('',(-0.00889342657534556,0.0442932981732497,-0.00294859708365151));
#42729=CARTESIAN_POINT('',(-0.00821974516860843,0.0515793193792158,-0.0027831529604707));
#42730=CARTESIAN_POINT('',(-0.00910673790870076,0.00771398140207201,-0.00152066239429357));
#42731=CARTESIAN_POINT('',(-0.00980754365927116,0.0149988102965289,-0.00150174112509553));
#42732=CARTESIAN_POINT('',(-0.0104960987369289,0.029640474463751,-0.00146296062310325));
#42733=CARTESIAN_POINT('',(-0.00974731386803858,0.0442878674703842,-0.00139474979698198));
#42734=CARTESIAN_POINT('',(-0.00901543798558176,0.0515735021582608,-0.00135197570155695));
#42735=CARTESIAN_POINT('',(-0.00938888477243152,0.00772239379110788,-0.00039439137777825));
#42736=CARTESIAN_POINT('',(-0.0101298756115664,0.0150058648776834,-0.000364434281343173));
#42737=CARTESIAN_POINT('',(-0.0108796880757886,0.0296425322914274,-0.000315603233591185));
#42738=CARTESIAN_POINT('',(-0.0101523358846796,0.0442859739561609,-0.000284139293502605));
#42739=CARTESIAN_POINT('',(-0.00942089674445419,0.0515709182092765,-0.000271363662956202));
#42740=CARTESIAN_POINT('',(-0.0094976769251109,0.00772562137461243,0.000255569082428615));
#42741=CARTESIAN_POINT('',(-0.010250755383736,0.0150090482532513,0.000272421809700595));
#42742=CARTESIAN_POINT('',(-0.011023970787835,0.029644579119535,0.000308250162799486));
#42743=CARTESIAN_POINT('',(-0.0103221670612117,0.0442863108489874,0.000345597959115225));
#42744=CARTESIAN_POINT('',(-0.00960420256167686,0.0515707477625528,0.000364045348117045));
#42745=CARTESIAN_POINT('',(-0.00962564678804204,0.00772856250301016,0.00126072819327911));
#42746=CARTESIAN_POINT('',(-0.0103929382422953,0.0150120879270189,0.00127054735342507));
#42747=CARTESIAN_POINT('',(-0.0111987894706313,0.0296473996918162,0.00129793683200542));
#42748=CARTESIAN_POINT('',(-0.0105420184712236,0.044288312317458,0.00134308244634306));
#42749=CARTESIAN_POINT('',(-0.0098511741394048,0.0515726570357322,0.00137032596314313));
#42750=CARTESIAN_POINT('',(-0.00967789077324521,0.00772935077406425,0.0027251110864732));
#42751=CARTESIAN_POINT('',(-0.0104482504922254,0.0150132059783904,0.00276565215656453));
#42752=CARTESIAN_POINT('',(-0.011287256632033,0.0296500712498939,0.00284433632596043));
#42753=CARTESIAN_POINT('',(-0.0107170449250174,0.0442933893993273,0.00291062962780844));
#42754=CARTESIAN_POINT('',(-0.0100846990158867,0.051579332179315,0.00294167258597303));
#42755=CARTESIAN_POINT('',(-0.0094809780542015,0.00772556710189951,0.00463857197658844));
#42756=CARTESIAN_POINT('',(-0.0102115204277824,0.0150102196002303,0.00478378537585936));
#42757=CARTESIAN_POINT('',(-0.0110399111147592,0.0296510525916183,0.00501243517803528));
#42758=CARTESIAN_POINT('',(-0.010598236576935,0.0443024713654709,0.00509680085103917));
#42759=CARTESIAN_POINT('',(-0.0100651975881019,0.0515936985091942,0.00510813570506054));
#42760=CARTESIAN_POINT('',(-0.0090972095122485,0.00772148944388626,0.00620085702425838));
#42761=CARTESIAN_POINT('',(-0.00976235123069964,0.0150065354167529,0.00646077300930059));
#42762=CARTESIAN_POINT('',(-0.0105395083431812,0.029650034767347,0.00683855027650833));
#42763=CARTESIAN_POINT('',(-0.0102087681209979,0.0443094816474851,0.00690842658221138));
#42764=CARTESIAN_POINT('',(-0.00976962089221253,0.0516066492091151,0.00687452647303613));
#42765=CARTESIAN_POINT('',(-0.00870390018287467,0.00771930558287009,0.00728706370037832));
#42766=CARTESIAN_POINT('',(-0.00931386275208106,0.0150041306734783,0.00762792232451231));
#42767=CARTESIAN_POINT('',(-0.0100448553052763,0.029648551436393,0.0081009945145515));
#42768=CARTESIAN_POINT('',(-0.00979743085924404,0.0443132664752142,0.00813634160866157));
#42769=CARTESIAN_POINT('',(-0.0094304643887936,0.0516147759723644,0.00805404387500317));
#42770=CARTESIAN_POINT('',(-0.00847552244408824,0.00771863913720555,0.00782214668444681));
#42771=CARTESIAN_POINT('',(-0.0090570429545087,0.0150031530120127,0.00820238829559566));
#42772=CARTESIAN_POINT('',(-0.00976502594896029,0.0296477067067414,0.00871874118353167));
#42773=CARTESIAN_POINT('',(-0.0095621952411039,0.0443148333556081,0.00872943999171234));
#42774=CARTESIAN_POINT('',(-0.00923337087372815,0.0516184360830289,0.00861831124778281));
#42775=CARTESIAN_POINT('',(-0.00833286200781562,0.00771819674778669,0.00813521708909045));
#42776=CARTESIAN_POINT('',(-0.00889828384263022,0.0150025368878705,0.00853677670449083));
#42777=CARTESIAN_POINT('',(-0.00959360831279974,0.0296471336455529,0.00907603413047428));
#42778=CARTESIAN_POINT('',(-0.00941721915862967,0.0443156307321038,0.00907121929942961));
#42779=CARTESIAN_POINT('',(-0.00911093634610362,0.0516204676155558,0.00894293053066751));
#42780=CARTESIAN_POINT('',(-0.00820112441388081,0.00771882271969883,0.00839848999221696));
#42781=CARTESIAN_POINT('',(-0.00874959400692531,0.0150026240166346,0.00882429623441408));
#42782=CARTESIAN_POINT('',(-0.00943189875525707,0.0296468773458746,0.00938674845535587));
#42783=CARTESIAN_POINT('',(-0.00928262841043559,0.0443163515740842,0.00936095784761652));
#42784=CARTESIAN_POINT('',(-0.00899852465920533,0.0516220293568829,0.00921145112616816));
#42785=CARTESIAN_POINT('',(-0.00799862807671822,0.00771932766645906,0.00874139444929574));
#42786=CARTESIAN_POINT('',(-0.00852714922289388,0.0150025231123565,0.00919327261188973));
#42787=CARTESIAN_POINT('',(-0.00919621801797179,0.0296462862161296,0.00977891489477226));
#42788=CARTESIAN_POINT('',(-0.0090852517521288,0.0443169652947026,0.00972270946697089));
#42789=CARTESIAN_POINT('',(-0.00883207426327254,0.051623778376356,0.00954409278625686));
#42790=CARTESIAN_POINT('',(-0.00762413160436255,0.00772059967298895,0.00925522462580906));
#42791=CARTESIAN_POINT('',(-0.00812158434344336,0.0150026345578126,0.00974791560741139));
#42792=CARTESIAN_POINT('',(-0.0087734246012874,0.0296451770521342,0.0103684883609167));
#42793=CARTESIAN_POINT('',(-0.00873002483325018,0.0443173814780677,0.0102611519881652));
#42794=CARTESIAN_POINT('',(-0.00853044694487178,0.051625819627442,0.0100342814790989));
#42795=CARTESIAN_POINT('',(-0.00705048329877493,0.00772246033321166,0.0098412451849994));
#42796=CARTESIAN_POINT('',(-0.00751331116195072,0.0150029777413616,0.0103816997081351));
#42797=CARTESIAN_POINT('',(-0.00815469319031076,0.0296434297272444,0.0110436573567739));
#42798=CARTESIAN_POINT('',(-0.00820977484662942,0.044316872736088,0.0108731299076551));
#42799=CARTESIAN_POINT('',(-0.00808640405514696,0.0516269609038875,0.0105855234797472));
#42800=CARTESIAN_POINT('',(-0.00637766075242043,0.00772477961079644,0.0102974528700269));
#42801=CARTESIAN_POINT('',(-0.00680635332766571,0.0150037187594758,0.0108901001368705));
#42802=CARTESIAN_POINT('',(-0.0074398611357065,0.0296413935342608,0.0116082269293015));
#42803=CARTESIAN_POINT('',(-0.00759687928204911,0.0443150344342034,0.0113954433457383));
#42804=CARTESIAN_POINT('',(-0.00755308477557539,0.0516260560795601,0.0110590609340309));
#42805=CARTESIAN_POINT('',(-0.00581700471105056,0.00772664487481118,0.0105711753541623));
#42806=CARTESIAN_POINT('',(-0.00621223273019379,0.0150043998439052,0.011209127350983));
#42807=CARTESIAN_POINT('',(-0.00682783418663242,0.0296395434783903,0.0119837771587409));
#42808=CARTESIAN_POINT('',(-0.00705387257634475,0.0443127076354518,0.0117540947912124));
#42809=CARTESIAN_POINT('',(-0.00706716522960423,0.0516240695513288,0.0113892939943313));
#42810=CARTESIAN_POINT('',(-0.00545654703239395,0.00772803093107005,0.0107065310279271));
#42811=CARTESIAN_POINT('',(-0.00582878021076382,0.0150049868611583,0.0113736772808144));
#42812=CARTESIAN_POINT('',(-0.0064278238167712,0.0296383903731973,0.012187009129565));
#42813=CARTESIAN_POINT('',(-0.00668983928258824,0.0443109826405541,0.0119526035845241));
#42814=CARTESIAN_POINT('',(-0.00673478987268676,0.0516223895957906,0.0115739616180633));
#42815=CARTESIAN_POINT('',(-0.00518092248041184,0.00772883353807387,0.0107901880655066));
#42816=CARTESIAN_POINT('',(-0.00553075826811809,0.0150052460256537,0.0114805545656111));
#42817=CARTESIAN_POINT('',(-0.00610970638560649,0.0296372055118934,0.0123259432132115));
#42818=CARTESIAN_POINT('',(-0.00639359958048576,0.0443091471954204,0.0120906657948985));
#42819=CARTESIAN_POINT('',(-0.00646010995545889,0.0516204982273784,0.0117031871259587));
#42820=CARTESIAN_POINT('',(-0.00487411263416754,0.00773067077053211,0.0108684011990563));
#42821=CARTESIAN_POINT('',(-0.0052028106555443,0.0150062198573719,0.011582991252677));
#42822=CARTESIAN_POINT('',(-0.00575993201852877,0.029636610700113,0.0124619824504822));
#42823=CARTESIAN_POINT('',(-0.00605889945081014,0.0443080400108906,0.0122288529006221));
#42824=CARTESIAN_POINT('',(-0.00614206984965525,0.0516194538557889,0.0118346828453367));
#42825=CARTESIAN_POINT('',(-0.004315557364047,0.00773480172368334,0.0110027288646254));
#42826=CARTESIAN_POINT('',(-0.00460780073227095,0.0150085305240041,0.0117599169784884));
#42827=CARTESIAN_POINT('',(-0.00512162332872395,0.029636095538326,0.0126982868161673));
#42828=CARTESIAN_POINT('',(-0.00543506670110334,0.0443067213766956,0.0124722429391545));
#42829=CARTESIAN_POINT('',(-0.005539698434661,0.0516183075207339,0.0120687755774783));
#42830=CARTESIAN_POINT('',(-0.00355851146401868,0.00774004387763205,0.0111544228516227));
#42831=CARTESIAN_POINT('',(-0.00379049973398495,0.0150113696221706,0.0119683579043717));
#42832=CARTESIAN_POINT('',(-0.00422137202595391,0.0296349705277849,0.0129880726723885));
#42833=CARTESIAN_POINT('',(-0.00452661861126688,0.044304121484178,0.0127769597467651));
#42834=CARTESIAN_POINT('',(-0.0046453538762324,0.0516157511454671,0.0123646409544165));
#42835=CARTESIAN_POINT('',(-0.00266578540851037,0.00774597223190848,0.0112915292200052));
#42836=CARTESIAN_POINT('',(-0.00282496981358808,0.0150146217873973,0.0121633306377239));
#42837=CARTESIAN_POINT('',(-0.00314016826627782,0.0296338165973016,0.0132668722565456));
#42838=CARTESIAN_POINT('',(-0.00339965205585186,0.0443010364760072,0.0130751859276547));
#42839=CARTESIAN_POINT('',(-0.0035127298103057,0.0516125704063081,0.0126565893311783));
#42840=CARTESIAN_POINT('',(-0.0017841858784189,0.00775059334822334,0.0113886846816194));
#42841=CARTESIAN_POINT('',(-0.00187647464786207,0.0150171531691322,0.0123031966920616));
#42842=CARTESIAN_POINT('',(-0.00207261976678965,0.0296326961362394,0.0134679768597395));
#42843=CARTESIAN_POINT('',(-0.00225976204833627,0.0442980672295172,0.0132901458059216));
#42844=CARTESIAN_POINT('',(-0.00234859220164726,0.0516094331351559,0.0128664899205277));
#42845=CARTESIAN_POINT('',(-0.000905452770570399,0.00775366498385022,0.0114470897755832));
#42846=CARTESIAN_POINT('',(-0.000938648016048892,0.0150189198139466,0.0123879670912351));
#42847=CARTESIAN_POINT('',(-0.00101889727622885,0.0296319471774634,0.0135901610996115));
#42848=CARTESIAN_POINT('',(-0.00111395022189683,0.0442959753441897,0.0134205379322471));
#42849=CARTESIAN_POINT('',(-0.00116342680048017,0.051607235658136,0.0129933355092943));
#42850=CARTESIAN_POINT('',(2.35813972515597E-18,0.00775486747270145,0.0114666361905542));
#42851=CARTESIAN_POINT('',(7.45388993583784E-19,0.015019678787092,0.0124166656210439));
#42852=CARTESIAN_POINT('',(2.62919026827735E-18,0.0296317380231336,0.0136313549660807));
#42853=CARTESIAN_POINT('',(-1.59919820441612E-18,0.0442951627480273,0.0134642853234599));
#42854=CARTESIAN_POINT('',(-2.03287907341032E-18,0.0516063637345453,0.0130356741550624));
#42855=CARTESIAN_POINT('',(0.000905452770570389,0.00775366498385023,0.0114470897755832));
#42856=CARTESIAN_POINT('',(0.000938648016048889,0.0150189198139466,0.0123879670912351));
#42857=CARTESIAN_POINT('',(0.00101889727622884,0.0296319471774634,0.0135901610996115));
#42858=CARTESIAN_POINT('',(0.00111395022189684,0.0442959753441897,0.0134205379322471));
#42859=CARTESIAN_POINT('',(0.00116342680048018,0.051607235658136,0.0129933355092943));
#42860=CARTESIAN_POINT('',(-0.004,0.0135598252486262,0.011673925254521));
#42861=CARTESIAN_POINT('',(-0.00345756909181254,0.0130340875669311,0.0117489337858413));
#42862=CARTESIAN_POINT('',(-0.00226325126946205,0.0121073005326563,0.0118811612002117));
#42863=CARTESIAN_POINT('',(-2.76696309797355E-6,0.011492129157845,0.0119689294978656));
#42864=CARTESIAN_POINT('',(0.00225124122877859,0.0121006582898274,0.0118821088684056));
#42865=CARTESIAN_POINT('',(0.00345669118687329,0.0130332366793793,0.0117490551844547));
#42866=CARTESIAN_POINT('',(0.004,0.0135598252486263,0.011673925254521));
#42867=CARTESIAN_POINT('',(-0.004,0.0135598252486046,0.011673925254519));
#42868=CARTESIAN_POINT('',(0.004,0.0135598252486263,0.011673925254521));
#42869=CARTESIAN_POINT('',(0.00400000000000001,0.0135598252486263,0.011673925254521));
#42870=CARTESIAN_POINT('',(0.00400000000000001,0.0244525733233771,0.0127055952162972));
#42871=CARTESIAN_POINT('',(0.004,0.035406996334114,0.0130949586306626));
#42872=CARTESIAN_POINT('',(0.004,0.0463421235006678,0.0127498182509541));
#42873=CARTESIAN_POINT('',(0.004,0.0463421235006678,0.0127498182509541));
#42874=CARTESIAN_POINT('',(-0.00400000000000007,0.0463421235006659,0.0127498182509539));
#42875=CARTESIAN_POINT('',(-0.0034525426013382,0.0468491314753523,0.012876327580229));
#42876=CARTESIAN_POINT('',(-0.00224518272599185,0.0477425669903741,0.0130992588424555));
#42877=CARTESIAN_POINT('',(2.11719778363317E-6,0.0483395093825546,0.0132482087316509));
#42878=CARTESIAN_POINT('',(0.0022384159363982,0.0477451802317132,0.0130999109020396));
#42879=CARTESIAN_POINT('',(0.00345226435099656,0.0468493891668978,0.0128763918797787));
#42880=CARTESIAN_POINT('',(0.004,0.0463421235006678,0.0127498182509541));
#42881=CARTESIAN_POINT('',(-0.004,0.0463421235006678,0.0127498182509541));
#42882=CARTESIAN_POINT('',(-0.00400000000000001,0.0135598252486046,0.011673925254519));
#42883=CARTESIAN_POINT('',(-0.00400000000000001,0.0244525733233626,0.0127055952162967));
#42884=CARTESIAN_POINT('',(-0.004,0.0354069963341067,0.0130949586306628));
#42885=CARTESIAN_POINT('',(-0.004,0.0463421235006678,0.0127498182509541));
#42886=CARTESIAN_POINT('',(-0.00206649850223372,0.00801558424398768,0.0114258790911598));
#42887=CARTESIAN_POINT('',(3.55046381907994E-6,0.00801317230469244,0.011527131886206));
#42888=CARTESIAN_POINT('',(0.0020522966469574,0.00801555788881242,0.0114268382369231));
#42889=CARTESIAN_POINT('',(0.00405531264405636,0.00802642632230233,0.0111101259197902));
#42890=CARTESIAN_POINT('',(0.00608671550350014,0.00804456599319252,0.0106401940963419));
#42891=CARTESIAN_POINT('',(0.0074817760603443,0.00811201480947047,0.00956314226679988));
#42892=CARTESIAN_POINT('',(0.00827151588550327,0.00822553110511581,0.0084282814278461));
#42893=CARTESIAN_POINT('',(0.00882674631691881,0.00838254531548213,0.0071795064407407));
#42894=CARTESIAN_POINT('',(0.00938551112279199,0.00864970313228814,0.00557075876433568));
#42895=CARTESIAN_POINT('',(0.00976174554341004,0.00908969889063975,0.00360010044306715));
#42896=CARTESIAN_POINT('',(0.00986419500598385,0.00964626080951991,0.0016332729063506));
#42897=CARTESIAN_POINT('',(0.0097096761735216,0.0103210470927636,-0.000318171878019014));
#42898=CARTESIAN_POINT('',(0.00899487789007996,0.0113274040802052,-0.00277013233119417));
#42899=CARTESIAN_POINT('',(0.00721201208985103,0.0126928496300028,-0.00543671546341325));
#42900=CARTESIAN_POINT('',(0.00459849900649784,0.0139166877877078,-0.00736984072672263));
#42901=CARTESIAN_POINT('',(0.00208957535070153,0.0145689487801924,-0.00831607808685098));
#42902=CARTESIAN_POINT('',(3.24966363586052E-5,0.0147778245125243,-0.00860756723759512));
#42903=CARTESIAN_POINT('',(-0.00203433860718554,0.0145797485404001,-0.00833128799468529));
#42904=CARTESIAN_POINT('',(-0.00455996945429887,0.0139321931387752,-0.00739353290403538));
#42905=CARTESIAN_POINT('',(-0.00718500987126035,0.0127078380814431,-0.00546124938621509));
#42906=CARTESIAN_POINT('',(-0.00897058659997379,0.0113512903458149,-0.00282247770115102));
#42907=CARTESIAN_POINT('',(-0.009703685624476,0.0103345971970558,-0.000353806330048264));
#42908=CARTESIAN_POINT('',(-0.00986355507907881,0.00966256930507142,0.00158108873228059));
#42909=CARTESIAN_POINT('',(-0.00976548275983509,0.00909564768244279,0.00357529722251042));
#42910=CARTESIAN_POINT('',(-0.00939352130961832,0.00865602335206008,0.00553913773160702));
#42911=CARTESIAN_POINT('',(-0.00883750117228719,0.00838655645005562,0.00715193349131256));
#42912=CARTESIAN_POINT('',(-0.00828412020537015,0.00822820726975042,0.00840448583937034));
#42913=CARTESIAN_POINT('',(-0.00750085196966311,0.00811352415218727,0.00954379748053844));
#42914=CARTESIAN_POINT('',(-0.00611501954981418,0.00804514918689778,0.0106275215004799));
#42915=CARTESIAN_POINT('',(-0.00407915491002017,0.00802655034186588,0.0111064706317039));
#42916=CARTESIAN_POINT('',(-0.00206649850223372,0.00801558424398768,0.0114258790911598));
#42917=CARTESIAN_POINT('',(3.55046381907994E-6,0.00801317230469244,0.011527131886206));
#42918=CARTESIAN_POINT('',(0.0020522966469574,0.00801555788881242,0.0114268382369231));
#42919=CARTESIAN_POINT('',(-8.13151629364128E-20,0.00801397189192832,0.0114935408121511));
#42920=CARTESIAN_POINT('',(0.0107434876397578,0.0349638694583964,0.0046));
#42921=CARTESIAN_POINT('',(0.0107031616207537,0.0399961754897916,0.0046));
#42922=CARTESIAN_POINT('',(0.0105068359340251,0.0450224119115193,0.0046));
#42923=CARTESIAN_POINT('',(0.0101568042028308,0.0500426679634946,0.0046));
#42924=CARTESIAN_POINT('',(0.0107434876397606,0.0349638694583991,0.00459999999997733));
#42925=CARTESIAN_POINT('',(0.0101568042028308,0.0500426679634946,0.0046));
#42926=CARTESIAN_POINT('',(0.0108506702359206,0.0349638694583984,0.0034000000000169));
#42927=CARTESIAN_POINT('',(0.0109084296405357,0.0348105117086517,0.00213125358302105));
#42928=CARTESIAN_POINT('',(0.010694566428828,0.0338199988600034,0.000352960918255691));
#42929=CARTESIAN_POINT('',(0.010315113940116,0.0315695693127463,-0.000874237847496818));
#42930=CARTESIAN_POINT('',(0.0102039407078188,0.0289920924191852,-0.00119216531015141));
#42931=CARTESIAN_POINT('',(0.0106488773376526,0.0265549050197611,-9.15102284305421E-6));
#42932=CARTESIAN_POINT('',(0.0108417823890269,0.0252039740422323,0.00219961722715515));
#42933=CARTESIAN_POINT('',(0.0107318894840058,0.0248795208019743,0.00411821694558609));
#42934=CARTESIAN_POINT('',(0.0103703019878686,0.0252851990651121,0.00598730757941882));
#42935=CARTESIAN_POINT('',(0.0098886108485309,0.0263225947258543,0.00755518030751483));
#42936=CARTESIAN_POINT('',(0.00946492285531506,0.0278652895368233,0.00865351010974446));
#42937=CARTESIAN_POINT('',(0.00929044076890238,0.0297509779684798,0.00911845164983541));
#42938=CARTESIAN_POINT('',(0.00947558656039334,0.0316764263436843,0.00883740924279442));
#42939=CARTESIAN_POINT('',(0.0100619885098665,0.0338673095479763,0.00757991651896658));
#42940=CARTESIAN_POINT('',(0.0105775828573822,0.0348132940679227,0.00584572763664509));
#42941=CARTESIAN_POINT('',(0.0107434876397606,0.0349638694583991,0.00459999999997733));
#42942=CARTESIAN_POINT('',(0.0108506702359206,0.0349638694583984,0.00340000000001688));
#42943=CARTESIAN_POINT('',(0.010191009980789,0.0498572068478475,0.0034));
#42944=CARTESIAN_POINT('',(0.0105694775239068,0.0448997849602841,0.0034));
#42945=CARTESIAN_POINT('',(0.0107895693553402,0.039935348247251,0.00340000000000008));
#42946=CARTESIAN_POINT('',(0.0108506702359214,0.0349638694583964,0.00340000000000008));
#42947=CARTESIAN_POINT('',(0.0101910099807887,0.0498572068478448,0.00339999999998284));
#42948=CARTESIAN_POINT('',(0.0101910099807887,0.0498572068478448,0.00339999999998284));
#42949=CARTESIAN_POINT('',(0.0101813469750512,0.0497515370923199,0.0027162787455979));
#42950=CARTESIAN_POINT('',(0.0100613803825391,0.0495429994840427,0.00136696555366825));
#42951=CARTESIAN_POINT('',(0.00942388297731334,0.0491297951542248,-0.00130661480333262));
#42952=CARTESIAN_POINT('',(0.00755723980744093,0.0486682910391712,-0.00429271211074813));
#42953=CARTESIAN_POINT('',(0.00471765182216344,0.0483455058303541,-0.00638124829381332));
#42954=CARTESIAN_POINT('',(0.00211003813312474,0.0482015235428889,-0.00731286538430332));
#42955=CARTESIAN_POINT('',(-0.000673137947663673,0.0481469814193618,-0.00766577250450521));
#42956=CARTESIAN_POINT('',(-0.00412276954891642,0.0482781422342396,-0.00681711494464967));
#42957=CARTESIAN_POINT('',(-0.00754213748314307,0.0486656142657879,-0.00431003179551759));
#42958=CARTESIAN_POINT('',(-0.00977565849194369,0.0492175075406726,-0.000739084173689727));
#42959=CARTESIAN_POINT('',(-0.010171712948453,0.0496461842380482,0.0020346079560907));
#42960=CARTESIAN_POINT('',(-0.0101910099807887,0.0498572068478439,0.00339999999997708));
#42961=CARTESIAN_POINT('',(-0.0101910099807887,0.0498572068478439,0.00339999999997706));
#42962=CARTESIAN_POINT('',(-0.010191009980789,0.0498572068478475,0.0034));
#42963=CARTESIAN_POINT('',(-0.0105694775239068,0.0448997849602837,0.0034));
#42964=CARTESIAN_POINT('',(-0.0107895693553402,0.0399353482472514,0.00340000000000007));
#42965=CARTESIAN_POINT('',(-0.0108506702359214,0.0349638694583964,0.00340000000000007));
#42966=CARTESIAN_POINT('',(-0.0108506702359215,0.0349638694583964,0.0034));
#42967=CARTESIAN_POINT('',(-0.0108506702359214,0.0349638694583963,0.0034));
#42968=CARTESIAN_POINT('',(-0.0109079029754353,0.0348119100640317,0.00214282233899493));
#42969=CARTESIAN_POINT('',(-0.0106944667779251,0.0338195394564801,0.000348297430997735));
#42970=CARTESIAN_POINT('',(-0.0103141304588531,0.0315624206641224,-0.000876455872562866));
#42971=CARTESIAN_POINT('',(-0.0102048182816001,0.0289852049162506,-0.00119028951514626));
#42972=CARTESIAN_POINT('',(-0.0106488628393041,0.0265550813830005,-7.9543119003192E-6));
#42973=CARTESIAN_POINT('',(-0.0108416580650174,0.0252049532962816,0.002197529338459));
#42974=CARTESIAN_POINT('',(-0.0107323172516991,0.0248792577334605,0.00411545739714573));
#42975=CARTESIAN_POINT('',(-0.0103702991964128,0.0252849954499393,0.00598773618795278));
#42976=CARTESIAN_POINT('',(-0.00988808152715826,0.0263238651519734,0.00755668442672142));
#42977=CARTESIAN_POINT('',(-0.00946444632782473,0.0278678084746089,0.00865470669128861));
#42978=CARTESIAN_POINT('',(-0.00929061152162123,0.0297525751054301,0.00911807012444907));
#42979=CARTESIAN_POINT('',(-0.00947539939668918,0.0316751913793114,0.00883811017280638));
#42980=CARTESIAN_POINT('',(-0.0100618053510496,0.0338663856602377,0.00757844941334727));
#42981=CARTESIAN_POINT('',(-0.0105757536989674,0.0348116339214263,0.00585946222074719));
#42982=CARTESIAN_POINT('',(-0.0107434876397576,0.0349638694583964,0.00460000000000001));
#42983=CARTESIAN_POINT('',(-0.0107434876397576,0.0349638694583964,0.0046));
#42984=CARTESIAN_POINT('',(-0.0107434876397576,0.0349638694583964,0.0046));
#42985=CARTESIAN_POINT('',(-0.0107031616207535,0.0399961754897915,0.0046));
#42986=CARTESIAN_POINT('',(-0.0105068359340251,0.0450224119115193,0.0046));
#42987=CARTESIAN_POINT('',(-0.0101568042028308,0.0500426679634946,0.0046));
#42988=CARTESIAN_POINT('',(-0.010156804202832,0.0500426679634919,0.00459999999998274));
#42989=CARTESIAN_POINT('',(-0.010156804202832,0.0500426679634919,0.00459999999998273));
#42990=CARTESIAN_POINT('',(-0.0101126118428338,0.0501385340605479,0.00522028806449568));
#42991=CARTESIAN_POINT('',(-0.00994213998129144,0.0503299024340456,0.0064585101435339));
#42992=CARTESIAN_POINT('',(-0.00944337982504853,0.050612375466133,0.00828621207081952));
#42993=CARTESIAN_POINT('',(-0.00870024519574549,0.0508828673808991,0.0100363918677372));
#42994=CARTESIAN_POINT('',(-0.0073198487937832,0.0510925348582364,0.0113930157181158));
#42995=CARTESIAN_POINT('',(-0.00554187152808731,0.0512038601090953,0.0121133300576724));
#42996=CARTESIAN_POINT('',(-0.00374048090080556,0.0512862051937308,0.0126461323176909));
#42997=CARTESIAN_POINT('',(-0.00186253516015052,0.0513357080699937,0.0129664336989719));
#42998=CARTESIAN_POINT('',(4.50544227028898E-5,0.0513523135365034,0.0130738770287612));
#42999=CARTESIAN_POINT('',(0.00192721189989816,0.0513343460046485,0.012957620647198));
#43000=CARTESIAN_POINT('',(0.00377592483577916,0.0512848348056361,0.0126372654147404));
#43001=CARTESIAN_POINT('',(0.00559030138015806,0.051201514409656,0.0120981525401779));
#43002=CARTESIAN_POINT('',(0.00735585413232948,0.0510887339610021,0.011368422548463));
#43003=CARTESIAN_POINT('',(0.00871956549360964,0.05087819429354,0.0100061553148536));
#43004=CARTESIAN_POINT('',(0.00945142107995256,0.050607892041529,0.00825720270405318));
#43005=CARTESIAN_POINT('',(0.009941581001111,0.0503296794452619,0.00645706732604809));
#43006=CARTESIAN_POINT('',(0.0101122974802274,0.0501392160045777,0.00522470048719081));
#43007=CARTESIAN_POINT('',(0.0101568042028308,0.0500426679634946,0.00459999999999999));
#43008=CARTESIAN_POINT('',(0.0118892205890338,0.03,0.004));
#43009=CARTESIAN_POINT('',(0.0082,0.03,0.004));
#43010=CARTESIAN_POINT('',(0.0082,0.03,0.00525));
#43011=CARTESIAN_POINT('',(0.0101,0.03,0.004));
#43012=CARTESIAN_POINT('',(0.0101,0.03,0.00275));
#43013=CARTESIAN_POINT('',(-0.0118892205890338,0.03,0.004));
#43014=CARTESIAN_POINT('',(-0.0108892205890338,0.0349638694583964,0.0046));
#43015=CARTESIAN_POINT('',(-0.0082,0.0349638694583964,0.0046));
#43016=CARTESIAN_POINT('',(-0.0108892205890338,0.0349638694583964,0.0034));
#43017=CARTESIAN_POINT('',(-0.0082,0.0349638694583964,0.0034));
#43018=CARTESIAN_POINT('',(-0.0082,0.03,0.004));
#43019=CARTESIAN_POINT('',(-8.13151629364128E-20,0.00773926431432157,0.0124664214463144));
#43020=CARTESIAN_POINT('',(-8.13151629364128E-20,0.00782617620954772,0.0124776142975429));
#43021=CARTESIAN_POINT('',(-8.13151629364128E-20,0.00791308810477386,0.0124888071487715));
#43022=CARTESIAN_POINT('',(-8.13151629364128E-20,0.008,0.0125));
#43023=CARTESIAN_POINT('',(-8.13151629364128E-20,0.0152882249868452,0.0134386059041235));
#43024=CARTESIAN_POINT('',(-3.3881317890172E-20,0.0226205792620883,0.0140344067104141));
#43025=CARTESIAN_POINT('',(6.04714338741322E-20,0.0372291403891467,0.0145324258397456));
#43026=CARTESIAN_POINT('',(1.07390340592196E-19,0.0445050654130074,0.0144421024989075));
#43027=CARTESIAN_POINT('',(1.08403507536926E-19,0.0517611007226723,0.0140142104198631));
#43028=CARTESIAN_POINT('',(0.000901606970076096,0.00773926431432157,0.0124664214463144));
#43029=CARTESIAN_POINT('',(0.000902108634218873,0.00782617620954772,0.0124776142975429));
#43030=CARTESIAN_POINT('',(0.000902610298361649,0.00791308810477386,0.0124888071487715));
#43031=CARTESIAN_POINT('',(0.000903111962504425,0.008,0.0125));
#43032=CARTESIAN_POINT('',(0.000945180325308763,0.0152882249868452,0.0134386059041235));
#43033=CARTESIAN_POINT('',(0.0009872486881131,0.0226205792620883,0.0140344067104141));
#43034=CARTESIAN_POINT('',(0.00107092872267363,0.0372291403891467,0.0145324258397456));
#43035=CARTESIAN_POINT('',(0.00111254039442983,0.0445050654130074,0.0144421024989075));
#43036=CARTESIAN_POINT('',(0.00115415206618602,0.0517611007226723,0.0140142104198631));
#43037=CARTESIAN_POINT('',(0.00176219681019816,0.00773924757927996,0.0124120428846636));
#43038=CARTESIAN_POINT('',(0.00176357048233213,0.0078261650528533,0.0124229197276101));
#43039=CARTESIAN_POINT('',(0.0017649441544661,0.00791308252642665,0.0124337965705567));
#43040=CARTESIAN_POINT('',(0.00176631782660008,0.008,0.0124446734135032));
#43041=CARTESIAN_POINT('',(0.00188151070721219,0.015288692773785,0.0133567796140968));
#43042=CARTESIAN_POINT('',(0.00198822413689306,0.022621354824353,0.0139339741983612));
#43043=CARTESIAN_POINT('',(0.00218353995074583,0.0372299889889687,0.0144108044730738));
#43044=CARTESIAN_POINT('',(0.00227232637079485,0.0445056849299311,0.0143177267628786));
#43045=CARTESIAN_POINT('',(0.0023528159874521,0.0517611205999765,0.0138948532227805));
#43046=CARTESIAN_POINT('',(0.0035093340475657,0.00773919079686185,0.0121950249816406));
#43047=CARTESIAN_POINT('',(0.00351249915210203,0.0078261271979079,0.0122047604223996));
#43048=CARTESIAN_POINT('',(0.00351566425663835,0.00791306359895395,0.0122144958631586));
#43049=CARTESIAN_POINT('',(0.00351882936117468,0.008,0.0122242313039175));
#43050=CARTESIAN_POINT('',(0.00378424750569438,0.0152902799866645,0.0130406222296112));
#43051=CARTESIAN_POINT('',(0.0040124152085038,0.022623986326669,0.0135488843207154));
#43052=CARTESIAN_POINT('',(0.00439180056451876,0.0372328683095581,0.0139422810284663));
#43053=CARTESIAN_POINT('',(0.00454382669197204,0.0445077869664713,0.0138341195372996));
#43054=CARTESIAN_POINT('',(0.00465940475296056,0.0517611880441705,0.0134225358900598));
#43055=CARTESIAN_POINT('',(0.00439657357409441,0.00773915074948536,0.0120324937146915));
#43056=CARTESIAN_POINT('',(0.00440065350156407,0.00782610049965691,0.0120414051094406));
#43057=CARTESIAN_POINT('',(0.00440473342903374,0.00791305024982846,0.0120503165041897));
#43058=CARTESIAN_POINT('',(0.0044088133565034,0.008,0.0120592278989388));
#43059=CARTESIAN_POINT('',(0.0047509463781288,0.0152913994126044,0.0128065162845966));
#43060=CARTESIAN_POINT('',(0.0050355374181961,0.0226258422667204,0.0132645651359006));
#43061=CARTESIAN_POINT('',(0.00548658898805814,0.0372348990303255,0.013595941966917));
#43062=CARTESIAN_POINT('',(0.00565429839459414,0.0445092694860878,0.01347556286841));
#43063=CARTESIAN_POINT('',(0.00576570527498413,0.0517612356110604,0.0130703623793566));
#43064=CARTESIAN_POINT('',(0.00573435931283684,0.0077390850245745,0.0116853586174302));
#43065=CARTESIAN_POINT('',(0.00573932863894529,0.00782605668304967,0.0116930722667804));
#43066=CARTESIAN_POINT('',(0.00574429796505375,0.00791302834152484,0.0117007859161306));
#43067=CARTESIAN_POINT('',(0.00574926729116221,0.008,0.0117084995654808));
#43068=CARTESIAN_POINT('',(0.00616598316897392,0.0152932365908808,0.012355347868439));
#43069=CARTESIAN_POINT('',(0.00649185501738634,0.0226288881964451,0.0127439573587658));
#43070=CARTESIAN_POINT('',(0.0069584408251558,0.0372382318064804,0.0129993467790888));
#43071=CARTESIAN_POINT('',(0.00710112644055119,0.0445117025660593,0.0128717451548906));
#43072=CARTESIAN_POINT('',(0.00715492480872347,0.0517613136768384,0.0124898493247806));
#43073=CARTESIAN_POINT('',(0.00613446830092452,0.00773906482052581,0.0115388411290958));
#43074=CARTESIAN_POINT('',(0.00613961236628922,0.00782604321368387,0.0115462147252836));
#43075=CARTESIAN_POINT('',(0.00614475643165392,0.00791302160684194,0.0115535883214714));
#43076=CARTESIAN_POINT('',(0.00614990049701861,0.008,0.0115609619176593));
#43077=CARTESIAN_POINT('',(0.00658126959358919,0.0152938013453835,0.012179294170561));
#43078=CARTESIAN_POINT('',(0.00691155750429608,0.0226298245250252,0.0125489173322553));
#43079=CARTESIAN_POINT('',(0.00736646082480435,0.0372392563125745,0.0127856414712426));
#43080=CARTESIAN_POINT('',(0.0074932700753214,0.044512450502657,0.0126581535582603));
#43081=CARTESIAN_POINT('',(0.00752117543070211,0.0517613376745092,0.0122857555939687));
#43082=CARTESIAN_POINT('',(0.00691378318785448,0.00773902290315292,0.0111477206529359));
#43083=CARTESIAN_POINT('',(0.00691920670465961,0.00782601526876861,0.0111544865288293));
#43084=CARTESIAN_POINT('',(0.00692463022146473,0.00791300763438431,0.0111612524047227));
#43085=CARTESIAN_POINT('',(0.00693005373826986,0.008,0.0111680182806161));
#43086=CARTESIAN_POINT('',(0.00738485696851636,0.0152949730424745,0.0117353885538782));
#43087=CARTESIAN_POINT('',(0.00771733996762967,0.0226317671274626,0.0120738210645667));
#43088=CARTESIAN_POINT('',(0.00813414739857961,0.0372413818570444,0.0122881319239512));
#43089=CARTESIAN_POINT('',(0.00822112663804555,0.0445140022479402,0.0121689912218654));
#43090=CARTESIAN_POINT('',(0.0081884204265576,0.0517613874625162,0.0118244097893812));
#43091=CARTESIAN_POINT('',(0.00729264078049743,0.00773900118982873,0.010903113463738));
#43092=CARTESIAN_POINT('',(0.00729817011735292,0.00782600079321916,0.010909611376732));
#43093=CARTESIAN_POINT('',(0.0073036994542084,0.00791300039660958,0.0109161092897259));
#43094=CARTESIAN_POINT('',(0.00730922879106388,0.008,0.0109226072027198));
#43095=CARTESIAN_POINT('',(0.00777290583925102,0.0152955799850628,0.0114675067440477));
#43096=CARTESIAN_POINT('',(0.00810326076749987,0.02263277340132,0.0117937101300116));
#43097=CARTESIAN_POINT('',(0.00849383959365146,0.0372424828954203,0.0120042236556792));
#43098=CARTESIAN_POINT('',(0.00855695708141983,0.0445148060566257,0.0118932919201755));
#43099=CARTESIAN_POINT('',(0.00848962421033,0.0517614132528524,0.0115670046205816));
#43100=CARTESIAN_POINT('',(0.00798840033828228,0.00773895695224449,0.0103304270039897));
#43101=CARTESIAN_POINT('',(0.00799415993142553,0.00782597130149633,0.0103364479489382));
#43102=CARTESIAN_POINT('',(0.00799991952456878,0.00791298565074817,0.0103424688938868));
#43103=CARTESIAN_POINT('',(0.00800567911771203,0.008,0.0103484898388353));
#43104=CARTESIAN_POINT('',(0.00848866491098551,0.0152968165379574,0.0108533919733967));
#43105=CARTESIAN_POINT('',(0.00881591391494186,0.0226348235307312,0.0111604636642531));
#43106=CARTESIAN_POINT('',(0.0091555020028667,0.0372447260930753,0.0113747444794652));
#43107=CARTESIAN_POINT('',(0.00917122115906537,0.0445164436941486,0.0112862577578532));
#43108=CARTESIAN_POINT('',(0.00903455809944535,0.0517614657967263,0.0110029624593487));
#43109=CARTESIAN_POINT('',(0.00830499919176394,0.00773893442798444,0.0100025550927258));
#43110=CARTESIAN_POINT('',(0.00831088412249993,0.00782595628532296,0.0100083663027589));
#43111=CARTESIAN_POINT('',(0.00831676905323593,0.00791297814266148,0.0100141775127919));
#43112=CARTESIAN_POINT('',(0.00832265398397192,0.008,0.010019988722825));
#43113=CARTESIAN_POINT('',(0.0088161502899069,0.0152974461482638,0.0105073029858092));
#43114=CARTESIAN_POINT('',(0.00914249702595101,0.0226358673862849,0.0108074109095379));
#43115=CARTESIAN_POINT('',(0.00945747333092827,0.0372458682523544,0.0110291346188694));
#43116=CARTESIAN_POINT('',(0.00944973067221982,0.044517277522986,0.0109548234121695));
#43117=CARTESIAN_POINT('',(0.00927843884863649,0.051761492550264,0.0106961654494667));
#43118=CARTESIAN_POINT('',(0.00884856137461664,0.00773888926686811,0.00929669230540718));
#43119=CARTESIAN_POINT('',(0.00885476233324503,0.00782592617791208,0.00930207502931225));
#43120=CARTESIAN_POINT('',(0.00886096329187342,0.00791296308895604,0.00930745775321731));
#43121=CARTESIAN_POINT('',(0.0088671642505018,0.008,0.00931284047712238));
#43122=CARTESIAN_POINT('',(0.00938716190445014,0.015298708516227,0.00976422291171456));
#43123=CARTESIAN_POINT('',(0.00971712737616353,0.022637960315508,0.0100497003246439));
#43124=CARTESIAN_POINT('',(0.00999355372378982,0.0372481582804375,0.010285017951031));
#43125=CARTESIAN_POINT('',(0.00994413901054251,0.0445189493488766,0.0102384677240417));
#43126=CARTESIAN_POINT('',(0.00970878541199523,0.0517615461910774,0.0100285466802855));
#43127=CARTESIAN_POINT('',(0.0090753940508007,0.00773886663001183,0.00891903722377936));
#43128=CARTESIAN_POINT('',(0.00908178622157998,0.00782591108667456,0.00892420014528956));
#43129=CARTESIAN_POINT('',(0.00908817839235927,0.00791295554333728,0.00892936306679976));
#43130=CARTESIAN_POINT('',(0.00909457056313855,0.008,0.00893452598830996));
#43131=CARTESIAN_POINT('',(0.0096306028136438,0.015299341273884,0.00936747631643069));
#43132=CARTESIAN_POINT('',(0.00996513305014376,0.0226390093891774,0.00964519883603202));
#43133=CARTESIAN_POINT('',(0.0102277082707084,0.0372493061492415,0.00988649214298849));
#43134=CARTESIAN_POINT('',(0.010160126603966,0.0445197873459298,0.00985344018808737));
#43135=CARTESIAN_POINT('',(0.00989538328055467,0.051761573078353,0.00966753153476575));
#43136=CARTESIAN_POINT('',(0.00957493117142613,0.00773880404132084,0.00785195451556791));
#43137=CARTESIAN_POINT('',(0.00958192646718024,0.00782586936088057,0.00785635567202902));
#43138=CARTESIAN_POINT('',(0.00958892176293435,0.00791293468044029,0.00786075682849013));
#43139=CARTESIAN_POINT('',(0.00959591705868846,0.008,0.00786515798495124));
#43140=CARTESIAN_POINT('',(0.0101825259362516,0.0153010907868454,0.00823422850639633));
#43141=CARTESIAN_POINT('',(0.0105359198380938,0.0226419099751476,0.00847759266814765));
#43142=CARTESIAN_POINT('',(0.0107726153554913,0.0372524798940847,0.00870971469665184));
#43143=CARTESIAN_POINT('',(0.0106609786104097,0.044522104325725,0.00870120752939282));
#43144=CARTESIAN_POINT('',(0.0103211503447613,0.0517616474190374,0.00856891417139558));
#43145=CARTESIAN_POINT('',(0.00983480145500129,0.007738764746724,0.00716014475182831));
#43146=CARTESIAN_POINT('',(0.00984220216778177,0.00782584316448267,0.00716399569997042));
#43147=CARTESIAN_POINT('',(0.00984960288056225,0.00791292158224134,0.00716784664811253));
#43148=CARTESIAN_POINT('',(0.00985700359334273,0.008,0.00717169759625465));
#43149=CARTESIAN_POINT('',(0.0104776097792601,0.0153021891706811,0.00749462895564297));
#43150=CARTESIAN_POINT('',(0.0108450908743013,0.0226437310286715,0.00771038818909791));
#43151=CARTESIAN_POINT('',(0.01107000248016,0.0372544724429318,0.00792474983863591));
#43152=CARTESIAN_POINT('',(0.0109329267544884,0.0445235589780829,0.0079256839754053));
#43153=CARTESIAN_POINT('',(0.0105481782573659,0.0517616940918017,0.0078210830441405));
#43154=CARTESIAN_POINT('',(0.0102464983966634,0.00773869213822821,0.005766823833115));
#43155=CARTESIAN_POINT('',(0.0102546149327475,0.00782579475881881,0.00576956359807066));
#43156=CARTESIAN_POINT('',(0.0102627314688316,0.00791289737940941,0.00577230336302633));
#43157=CARTESIAN_POINT('',(0.0102708480049157,0.008,0.00577504312798199));
#43158=CARTESIAN_POINT('',(0.0109514814319136,0.0153042187626484,0.00600479330609032));
#43159=CARTESIAN_POINT('',(0.0113421998877812,0.0226470959685805,0.00616161888698741));
#43160=CARTESIAN_POINT('',(0.0115397816535144,0.037258154271636,0.00632739835530728));
#43161=CARTESIAN_POINT('',(0.0113529372052281,0.0445262468824793,0.00633793884736611));
#43162=CARTESIAN_POINT('',(0.0108824225599797,0.0517617803336639,0.00627666866793698));
#43163=CARTESIAN_POINT('',(0.0103983608505061,0.00773865882432927,0.00506517386956055));
#43164=CARTESIAN_POINT('',(0.0104067875245553,0.00782577254955285,0.00506735327127439));
#43165=CARTESIAN_POINT('',(0.0104152141986046,0.00791288627477643,0.00506953267298822));
#43166=CARTESIAN_POINT('',(0.0104236408726539,0.008,0.00507171207470205));
#43167=CARTESIAN_POINT('',(0.0111302817323671,0.0153051499707801,0.0052544715230584));
#43168=CARTESIAN_POINT('',(0.0115301278558514,0.0226486398549656,0.00538001966916524));
#43169=CARTESIAN_POINT('',(0.0117121189372345,0.0372598435514931,0.00551507935738088));
#43170=CARTESIAN_POINT('',(0.0115009224911711,0.0445274801345178,0.00552583563337723));
#43171=CARTESIAN_POINT('',(0.0109895396735185,0.0517618199027619,0.00548025451172789));
#43172=CARTESIAN_POINT('',(0.0106000715566783,0.00773860225770799,0.00364802888222082));
#43173=CARTESIAN_POINT('',(0.0106089400517365,0.00782573483847199,0.00364921219520446));
#43174=CARTESIAN_POINT('',(0.0106178085467946,0.007912867419236,0.00365039550818811));
#43175=CARTESIAN_POINT('',(0.0106266770418528,0.008,0.00365157882117175));
#43176=CARTESIAN_POINT('',(0.0113703679613798,0.0153067311515901,0.00375080863582726));
#43177=CARTESIAN_POINT('',(0.0117786024956389,0.0226512613564775,0.00381950814425472));
#43178=CARTESIAN_POINT('',(0.0119199774310127,0.0372627119294659,0.00389496677692683));
#43179=CARTESIAN_POINT('',(0.0116603984934102,0.0445295741824442,0.00390239014241866));
#43180=CARTESIAN_POINT('',(0.0110725889076622,0.0517618870906399,0.00387974955315693));
#43181=CARTESIAN_POINT('',(0.0106499382440927,0.00773857900498565,0.00293240203041236));
#43182=CARTESIAN_POINT('',(0.0106589383592906,0.00782571933665711,0.00293315027792499));
#43183=CARTESIAN_POINT('',(0.0106679384744885,0.00791285966832856,0.00293389852543763));
#43184=CARTESIAN_POINT('',(0.0106769385896863,0.008,0.00293464677295026));
#43185=CARTESIAN_POINT('',(0.0114316668613332,0.0153073811242684,0.00299739303114341));
#43186=CARTESIAN_POINT('',(0.0118391568637718,0.0226523389716043,0.00304057668416826));
#43187=CARTESIAN_POINT('',(0.011955495844794,0.0372638910275815,0.00308726413552582));
#43188=CARTESIAN_POINT('',(0.0116718811957155,0.0445304349783322,0.00309119355321389));
#43189=CARTESIAN_POINT('',(0.0110485077965625,0.05176191470942,0.00307585918519827));
#43190=CARTESIAN_POINT('',(0.0106441919275829,0.00773854664119629,0.00148169404396859));
#43191=CARTESIAN_POINT('',(0.0106532461031541,0.00782569776079753,0.00148183726332154));
#43192=CARTESIAN_POINT('',(0.0106623002787254,0.00791284888039877,0.0014819804826745));
#43193=CARTESIAN_POINT('',(0.0106713544542967,0.008,0.00148212370202746));
#43194=CARTESIAN_POINT('',(0.0114306161003827,0.0153082857744227,0.00149413373660438));
#43195=CARTESIAN_POINT('',(0.0118262411216394,0.0226538388264799,0.00150184631912708));
#43196=CARTESIAN_POINT('',(0.0118861944749705,0.0372655321293196,0.00150857399449881));
#43197=CARTESIAN_POINT('',(0.0115584150851821,0.0445316330581264,0.00150768258607959));
#43198=CARTESIAN_POINT('',(0.0108748318106,0.0517619531500106,0.0015025593693334));
#43199=CARTESIAN_POINT('',(0.010588582972307,0.00773853753012927,0.000746471614505653));
#43200=CARTESIAN_POINT('',(0.010597559731605,0.00782569168675286,0.000746445512667331));
#43201=CARTESIAN_POINT('',(0.010606536490903,0.00791284584337644,0.000746419410829009));
#43202=CARTESIAN_POINT('',(0.010615513250201,0.008,0.000746393308990687));
#43203=CARTESIAN_POINT('',(0.0113682829515916,0.0153085404518986,0.000744204470860237));
#43204=CARTESIAN_POINT('',(0.0117527995564723,0.0226542610662286,0.000742015632729927));
#43205=CARTESIAN_POINT('',(0.0117814271718056,0.037265994132942,0.000737661718334833));
#43206=CARTESIAN_POINT('',(0.0114335306551392,0.0445319703420328,0.000735496642070051));
#43207=CARTESIAN_POINT('',(0.0107253132208893,0.0517619639718212,0.000733331565805134));
#43208=CARTESIAN_POINT('',(0.0102887529488622,0.00773853753012927,-0.00119976972734091));
#43209=CARTESIAN_POINT('',(0.0102972822424318,0.00782569168675286,-0.0011997277750485));
#43210=CARTESIAN_POINT('',(0.0103058115360014,0.00791284584337644,-0.00119968582275609));
#43211=CARTESIAN_POINT('',(0.010314340829571,0.008,-0.00119964387046368));
#43212=CARTESIAN_POINT('',(0.0110295871183823,0.0153085404518986,-0.00119612585092224));
#43213=CARTESIAN_POINT('',(0.0113765803106836,0.0226542610662286,-0.00119260783138066));
#43214=CARTESIAN_POINT('',(0.0113305684522615,0.037265994132942,-0.00118560998365853));
#43215=CARTESIAN_POINT('',(0.010945555874419,0.0445319703420328,-0.00118213015547798));
#43216=CARTESIAN_POINT('',(0.0102002223789929,0.0517619639718212,-0.00117865032729756));
#43217=CARTESIAN_POINT('',(0.00989359694071322,0.00773851351342803,-0.00238654764414345));
#43218=CARTESIAN_POINT('',(0.00990133646827407,0.00782567567561869,-0.00238697750890647));
#43219=CARTESIAN_POINT('',(0.00990907599583491,0.00791283783780935,-0.00238740737366948));
#43220=CARTESIAN_POINT('',(0.00991681552339576,0.008,-0.0023878372384325));
#43221=CARTESIAN_POINT('',(0.0105658339115986,0.0153092117797287,-0.00242388467588193));
#43222=CARTESIAN_POINT('',(0.0108696150218235,0.0226558188817829,-0.00243310101259614));
#43223=CARTESIAN_POINT('',(0.0107836625633341,0.0372680991229214,-0.00239783819709971));
#43224=CARTESIAN_POINT('',(0.0104014219379457,0.0445337473537251,-0.00235394096637446));
#43225=CARTESIAN_POINT('',(0.00968138045232276,0.0517620211032639,-0.00228392926915401));
#43226=CARTESIAN_POINT('',(0.00870058570964577,0.00773844146332429,-0.0045695093858497));
#43227=CARTESIAN_POINT('',(0.00870638558062368,0.0078256276422162,-0.00457141552310975));
#43228=CARTESIAN_POINT('',(0.00871218545160159,0.0079128138211081,-0.00457332166036981));
#43229=CARTESIAN_POINT('',(0.00871798532257949,0.008,-0.00457522779762986));
#43230=CARTESIAN_POINT('',(0.00920434871934649,0.0153112257632192,-0.00473507193830756));
#43231=CARTESIAN_POINT('',(0.00941452229373107,0.0226604923284455,-0.00478759167604483));
#43232=CARTESIAN_POINT('',(0.00928041433079191,0.0372744140928599,-0.00467767925290552));
#43233=CARTESIAN_POINT('',(0.00894212714812892,0.0445390783888022,-0.00451757477797053));
#43234=CARTESIAN_POINT('',(0.00833359927727821,0.0517621924975921,-0.00425301243705435));
#43235=CARTESIAN_POINT('',(0.00790296789420946,0.0077383934299218,-0.00556441899077013));
#43236=CARTESIAN_POINT('',(0.00790761770978475,0.00782559561994787,-0.00556733257532884));
#43237=CARTESIAN_POINT('',(0.00791226752536004,0.00791279780997394,-0.00557024615988756));
#43238=CARTESIAN_POINT('',(0.00791691734093534,0.008,-0.00557315974444627));
#43239=CARTESIAN_POINT('',(0.00830683982475526,0.0153125684188796,-0.00581748602138281));
#43240=CARTESIAN_POINT('',(0.0084666041232565,0.0226636079595539,-0.00590082569390878));
#43241=CARTESIAN_POINT('',(0.00832425376174763,0.0372786240728188,-0.0057450276873002));
#43242=CARTESIAN_POINT('',(0.00802713439728815,0.0445426324121869,-0.00550938153707801));
#43243=CARTESIAN_POINT('',(0.00750481445933891,0.0517623067604776,-0.00511704858788399));
#43244=CARTESIAN_POINT('',(0.00599782303578306,0.00773829736311681,-0.00721590263754182));
#43245=CARTESIAN_POINT('',(0.00600035049252978,0.00782553157541121,-0.00722088717273964));
#43246=CARTESIAN_POINT('',(0.0060028779492765,0.0079127657877056,-0.00722587170793746));
#43247=CARTESIAN_POINT('',(0.00600540540602322,0.008,-0.00723085624313528));
#43248=CARTESIAN_POINT('',(0.00621735192228182,0.0153152537302004,-0.00764884751903641));
#43249=CARTESIAN_POINT('',(0.0062912035273492,0.0226698392217707,-0.00779852778758668));
#43250=CARTESIAN_POINT('',(0.00616201826846639,0.0372870440327367,-0.00756030903619324));
#43251=CARTESIAN_POINT('',(0.00596197858184657,0.0445497404589564,-0.00717822923110348));
#43252=CARTESIAN_POINT('',(0.00562681855113289,0.0517625352862486,-0.00653500476106057));
#43253=CARTESIAN_POINT('',(0.00489118494404588,0.00773824932971432,-0.00787148342301513));
#43254=CARTESIAN_POINT('',(0.00489273829458639,0.00782549955314288,-0.00787753370591098));
#43255=CARTESIAN_POINT('',(0.00489429164512691,0.00791274977657144,-0.00788358398880684));
#43256=CARTESIAN_POINT('',(0.00489584499566742,0.008,-0.0078896342717027));
#43257=CARTESIAN_POINT('',(0.00502610528044501,0.0153165963858607,-0.00839699661680318));
#43258=CARTESIAN_POINT('',(0.00506430229109512,0.0226729548528791,-0.00858238575308265));
#43259=CARTESIAN_POINT('',(0.00495622382083948,0.0372912540126956,-0.00830800621020501));
#43260=CARTESIAN_POINT('',(0.00481194645815397,0.0445532944823411,-0.00785522058887264));
#43261=CARTESIAN_POINT('',(0.00457758886607257,0.0517626495491341,-0.00708906136959645));
#43262=CARTESIAN_POINT('',(0.00251928028128556,0.00773817727961058,-0.00875132324352665));
#43263=CARTESIAN_POINT('',(0.00251949865161362,0.00782545151974039,-0.00875901499573007));
#43264=CARTESIAN_POINT('',(0.00251971702194167,0.00791272575987019,-0.00876670674793348));
#43265=CARTESIAN_POINT('',(0.00251993539226973,0.008,-0.0087743985001369));
#43266=CARTESIAN_POINT('',(0.00253824740902153,0.0153186103693513,-0.0094194105604044));
#43267=CARTESIAN_POINT('',(0.00253354360724147,0.0226776282995418,-0.00966195610964567));
#43268=CARTESIAN_POINT('',(0.00247817261090162,0.037297568982634,-0.00934048259572536));
#43269=CARTESIAN_POINT('',(0.0024280049458969,0.0445586255174182,-0.00878519235484472));
#43270=CARTESIAN_POINT('',(0.00235531722354321,0.0517628209434623,-0.00783818511653425));
#43271=CARTESIAN_POINT('',(0.00125529480357911,0.00773815326290933,-0.00897519536858069));
#43272=CARTESIAN_POINT('',(0.00125514954357252,0.00782543550860623,-0.00898346357905388));
#43273=CARTESIAN_POINT('',(0.00125500428356593,0.00791271775430311,-0.00899173178952707));
#43274=CARTESIAN_POINT('',(0.00125485902355934,0.008,-0.00900000000000026));
#43275=CARTESIAN_POINT('',(0.00124267786461837,0.0153192816971814,-0.00969335248081311));
#43276=CARTESIAN_POINT('',(0.0012304967056774,0.0226791861150959,-0.00995740734986467));
#43277=CARTESIAN_POINT('',(0.00120626662555975,0.0372996739726135,-0.00962512353492099));
#43278=CARTESIAN_POINT('',(0.00119421770438307,0.0445604025291106,-0.00903809559469208));
#43279=CARTESIAN_POINT('',(0.00118216878320638,0.051762878074905,-0.00803323619053801));
#43280=CARTESIAN_POINT('',(-0.00125529480357911,0.00773815326290933,-0.00897519536858069));
#43281=CARTESIAN_POINT('',(-0.00125514954357252,0.00782543550860623,-0.00898346357905388));
#43282=CARTESIAN_POINT('',(-0.00125500428356593,0.00791271775430311,-0.00899173178952707));
#43283=CARTESIAN_POINT('',(-0.00125485902355934,0.008,-0.00900000000000026));
#43284=CARTESIAN_POINT('',(-0.00124267786461837,0.0153192816971814,-0.00969335248081311));
#43285=CARTESIAN_POINT('',(-0.0012304967056774,0.0226791861150959,-0.00995740734986467));
#43286=CARTESIAN_POINT('',(-0.00120626662555975,0.0372996739726135,-0.00962512353492099));
#43287=CARTESIAN_POINT('',(-0.00119421770438307,0.0445604025291106,-0.00903809559469208));
#43288=CARTESIAN_POINT('',(-0.00118216878320638,0.051762878074905,-0.00803323619053801));
#43289=CARTESIAN_POINT('',(-0.00251928028128561,0.00773817727961058,-0.00875132324352664));
#43290=CARTESIAN_POINT('',(-0.00251949865161366,0.00782545151974039,-0.00875901499573005));
#43291=CARTESIAN_POINT('',(-0.00251971702194172,0.00791272575987019,-0.00876670674793347));
#43292=CARTESIAN_POINT('',(-0.00251993539226977,0.008,-0.00877439850013689));
#43293=CARTESIAN_POINT('',(-0.00253824740902158,0.0153186103693513,-0.00941941056040438));
#43294=CARTESIAN_POINT('',(-0.0025335436072415,0.0226776282995418,-0.00966195610964566));
#43295=CARTESIAN_POINT('',(-0.00247817261090165,0.037297568982634,-0.00934048259572535));
#43296=CARTESIAN_POINT('',(-0.00242800494589693,0.0445586255174182,-0.00878519235484469));
#43297=CARTESIAN_POINT('',(-0.00235531722354324,0.0517628209434623,-0.00783818511653424));
#43298=CARTESIAN_POINT('',(-0.00489118494404591,0.00773824932971432,-0.00787148342301511));
#43299=CARTESIAN_POINT('',(-0.00489273829458643,0.00782549955314288,-0.00787753370591097));
#43300=CARTESIAN_POINT('',(-0.00489429164512695,0.00791274977657144,-0.00788358398880682));
#43301=CARTESIAN_POINT('',(-0.00489584499566746,0.008,-0.00788963427170268));
#43302=CARTESIAN_POINT('',(-0.00502610528044504,0.0153165963858607,-0.00839699661680316));
#43303=CARTESIAN_POINT('',(-0.00506430229109515,0.0226729548528791,-0.00858238575308263));
#43304=CARTESIAN_POINT('',(-0.00495622382083951,0.0372912540126956,-0.00830800621020499));
#43305=CARTESIAN_POINT('',(-0.00481194645815399,0.0445532944823411,-0.00785522058887263));
#43306=CARTESIAN_POINT('',(-0.00457758886607259,0.0517626495491341,-0.00708906136959644));
#43307=CARTESIAN_POINT('',(-0.00599782303578304,0.00773829736311681,-0.00721590263754182));
#43308=CARTESIAN_POINT('',(-0.00600035049252977,0.00782553157541121,-0.00722088717273964));
#43309=CARTESIAN_POINT('',(-0.00600287794927649,0.0079127657877056,-0.00722587170793747));
#43310=CARTESIAN_POINT('',(-0.00600540540602321,0.008,-0.00723085624313529));
#43311=CARTESIAN_POINT('',(-0.0062173519222818,0.0153152537302004,-0.00764884751903642));
#43312=CARTESIAN_POINT('',(-0.00629120352734918,0.0226698392217707,-0.00779852778758669));
#43313=CARTESIAN_POINT('',(-0.00616201826846637,0.0372870440327367,-0.00756030903619325));
#43314=CARTESIAN_POINT('',(-0.00596197858184656,0.0445497404589564,-0.0071782292311035));
#43315=CARTESIAN_POINT('',(-0.00562681855113287,0.0517625352862486,-0.00653500476106057));
#43316=CARTESIAN_POINT('',(-0.00790296789420945,0.0077383934299218,-0.00556441899077014));
#43317=CARTESIAN_POINT('',(-0.00790761770978474,0.00782559561994787,-0.00556733257532885));
#43318=CARTESIAN_POINT('',(-0.00791226752536004,0.00791279780997394,-0.00557024615988757));
#43319=CARTESIAN_POINT('',(-0.00791691734093533,0.008,-0.00557315974444628));
#43320=CARTESIAN_POINT('',(-0.00830683982475525,0.0153125684188796,-0.00581748602138282));
#43321=CARTESIAN_POINT('',(-0.00846660412325649,0.0226636079595539,-0.00590082569390879));
#43322=CARTESIAN_POINT('',(-0.00832425376174762,0.0372786240728188,-0.00574502768730021));
#43323=CARTESIAN_POINT('',(-0.00802713439728815,0.0445426324121869,-0.00550938153707802));
#43324=CARTESIAN_POINT('',(-0.0075048144593389,0.0517623067604776,-0.00511704858788399));
#43325=CARTESIAN_POINT('',(-0.0087005857096458,0.00773844146332429,-0.00456950938584967));
#43326=CARTESIAN_POINT('',(-0.0087063855806237,0.0078256276422162,-0.00457141552310972));
#43327=CARTESIAN_POINT('',(-0.0087121854516016,0.00791281382110811,-0.00457332166036978));
#43328=CARTESIAN_POINT('',(-0.00871798532257951,0.008,-0.00457522779762983));
#43329=CARTESIAN_POINT('',(-0.00920434871934652,0.0153112257632192,-0.00473507193830753));
#43330=CARTESIAN_POINT('',(-0.00941452229373109,0.0226604923284455,-0.0047875916760448));
#43331=CARTESIAN_POINT('',(-0.00928041433079192,0.0372744140928599,-0.00467767925290549));
#43332=CARTESIAN_POINT('',(-0.00894212714812894,0.0445390783888022,-0.0045175747779705));
#43333=CARTESIAN_POINT('',(-0.00833359927727823,0.0517621924975921,-0.00425301243705433));
#43334=CARTESIAN_POINT('',(-0.00989359694071324,0.00773851351342803,-0.00238654764414342));
#43335=CARTESIAN_POINT('',(-0.00990133646827409,0.00782567567561869,-0.00238697750890644));
#43336=CARTESIAN_POINT('',(-0.00990907599583493,0.00791283783780935,-0.00238740737366945));
#43337=CARTESIAN_POINT('',(-0.00991681552339578,0.008,-0.00238783723843247));
#43338=CARTESIAN_POINT('',(-0.0105658339115986,0.0153092117797287,-0.00242388467588189));
#43339=CARTESIAN_POINT('',(-0.0108696150218235,0.0226558188817829,-0.00243310101259611));
#43340=CARTESIAN_POINT('',(-0.0107836625633341,0.0372680991229214,-0.00239783819709967));
#43341=CARTESIAN_POINT('',(-0.0104014219379457,0.0445337473537251,-0.00235394096637443));
#43342=CARTESIAN_POINT('',(-0.00968138045232278,0.0517620211032639,-0.00228392926915398));
#43343=CARTESIAN_POINT('',(-0.0102887529488622,0.00773853753012927,-0.00119976972734091));
#43344=CARTESIAN_POINT('',(-0.0102972822424318,0.00782569168675286,-0.0011997277750485));
#43345=CARTESIAN_POINT('',(-0.0103058115360014,0.00791284584337644,-0.00119968582275609));
#43346=CARTESIAN_POINT('',(-0.010314340829571,0.008,-0.00119964387046368));
#43347=CARTESIAN_POINT('',(-0.0110295871183823,0.0153085404518986,-0.00119612585092224));
#43348=CARTESIAN_POINT('',(-0.0113765803106836,0.0226542610662286,-0.00119260783138066));
#43349=CARTESIAN_POINT('',(-0.0113305684522615,0.037265994132942,-0.00118560998365853));
#43350=CARTESIAN_POINT('',(-0.010945555874419,0.0445319703420328,-0.00118213015547798));
#43351=CARTESIAN_POINT('',(-0.0102002223789929,0.0517619639718212,-0.00117865032729757));
#43352=CARTESIAN_POINT('',(-0.010588582972307,0.00773853753012927,0.000746471614505654));
#43353=CARTESIAN_POINT('',(-0.010597559731605,0.00782569168675286,0.000746445512667332));
#43354=CARTESIAN_POINT('',(-0.010606536490903,0.00791284584337644,0.00074641941082901));
#43355=CARTESIAN_POINT('',(-0.010615513250201,0.008,0.000746393308990688));
#43356=CARTESIAN_POINT('',(-0.0113682829515916,0.0153085404518986,0.000744204470860238));
#43357=CARTESIAN_POINT('',(-0.0117527995564723,0.0226542610662286,0.000742015632729927));
#43358=CARTESIAN_POINT('',(-0.0117814271718056,0.037265994132942,0.000737661718334832));
#43359=CARTESIAN_POINT('',(-0.0114335306551392,0.0445319703420328,0.000735496642070049));
#43360=CARTESIAN_POINT('',(-0.0107253132208893,0.0517619639718212,0.000733331565805133));
#43361=CARTESIAN_POINT('',(-0.0106441919275829,0.00773854664119629,0.00148169404396858));
#43362=CARTESIAN_POINT('',(-0.0106532461031541,0.00782569776079753,0.00148183726332154));
#43363=CARTESIAN_POINT('',(-0.0106623002787254,0.00791284888039877,0.00148198048267449));
#43364=CARTESIAN_POINT('',(-0.0106713544542967,0.008,0.00148212370202745));
#43365=CARTESIAN_POINT('',(-0.0114306161003827,0.0153082857744227,0.00149413373660437));
#43366=CARTESIAN_POINT('',(-0.0118262411216394,0.0226538388264799,0.00150184631912707));
#43367=CARTESIAN_POINT('',(-0.0118861944749706,0.0372655321293196,0.00150857399449879));
#43368=CARTESIAN_POINT('',(-0.0115584150851821,0.0445316330581264,0.00150768258607957));
#43369=CARTESIAN_POINT('',(-0.0108748318106,0.0517619531500106,0.00150255936933338));
#43370=CARTESIAN_POINT('',(-0.0106499382440927,0.00773857900498565,0.00293240203041235));
#43371=CARTESIAN_POINT('',(-0.0106589383592906,0.00782571933665711,0.00293315027792498));
#43372=CARTESIAN_POINT('',(-0.0106679384744885,0.00791285966832856,0.00293389852543761));
#43373=CARTESIAN_POINT('',(-0.0106769385896863,0.008,0.00293464677295024));
#43374=CARTESIAN_POINT('',(-0.0114316668613332,0.0153073811242684,0.0029973930311434));
#43375=CARTESIAN_POINT('',(-0.0118391568637718,0.0226523389716043,0.00304057668416824));
#43376=CARTESIAN_POINT('',(-0.011955495844794,0.0372638910275815,0.0030872641355258));
#43377=CARTESIAN_POINT('',(-0.0116718811957155,0.0445304349783321,0.00309119355321387));
#43378=CARTESIAN_POINT('',(-0.0110485077965625,0.05176191470942,0.00307585918519825));
#43379=CARTESIAN_POINT('',(-0.0106000715566784,0.00773860225770799,0.00364802888222083));
#43380=CARTESIAN_POINT('',(-0.0106089400517365,0.007825734838472,0.00364921219520447));
#43381=CARTESIAN_POINT('',(-0.0106178085467947,0.00791286741923601,0.00365039550818812));
#43382=CARTESIAN_POINT('',(-0.0106266770418528,0.008,0.00365157882117176));
#43383=CARTESIAN_POINT('',(-0.0113703679613798,0.0153067311515901,0.00375080863582727));
#43384=CARTESIAN_POINT('',(-0.0117786024956389,0.0226512613564775,0.00381950814425473));
#43385=CARTESIAN_POINT('',(-0.0119199774310128,0.0372627119294659,0.00389496677692684));
#43386=CARTESIAN_POINT('',(-0.0116603984934102,0.0445295741824442,0.00390239014241867));
#43387=CARTESIAN_POINT('',(-0.0110725889076622,0.0517618870906399,0.00387974955315694));
#43388=CARTESIAN_POINT('',(-0.0103983608505061,0.00773865882432927,0.00506517386956057));
#43389=CARTESIAN_POINT('',(-0.0104067875245553,0.00782577254955285,0.0050673532712744));
#43390=CARTESIAN_POINT('',(-0.0104152141986046,0.00791288627477643,0.00506953267298823));
#43391=CARTESIAN_POINT('',(-0.0104236408726539,0.008,0.00507171207470207));
#43392=CARTESIAN_POINT('',(-0.0111302817323671,0.0153051499707801,0.00525447152305842));
#43393=CARTESIAN_POINT('',(-0.0115301278558514,0.0226486398549656,0.00538001966916525));
#43394=CARTESIAN_POINT('',(-0.0117121189372345,0.0372598435514931,0.00551507935738089));
#43395=CARTESIAN_POINT('',(-0.0115009224911711,0.0445274801345178,0.00552583563337724));
#43396=CARTESIAN_POINT('',(-0.0109895396735185,0.0517618199027619,0.0054802545117279));
#43397=CARTESIAN_POINT('',(-0.0102464983966634,0.00773869213822821,0.00576682383311498));
#43398=CARTESIAN_POINT('',(-0.0102546149327475,0.00782579475881881,0.00576956359807064));
#43399=CARTESIAN_POINT('',(-0.0102627314688316,0.00791289737940941,0.0057723033630263));
#43400=CARTESIAN_POINT('',(-0.0102708480049157,0.008,0.00577504312798197));
#43401=CARTESIAN_POINT('',(-0.0109514814319136,0.0153042187626484,0.00600479330609031));
#43402=CARTESIAN_POINT('',(-0.0113421998877812,0.0226470959685805,0.00616161888698739));
#43403=CARTESIAN_POINT('',(-0.0115397816535144,0.037258154271636,0.00632739835530726));
#43404=CARTESIAN_POINT('',(-0.0113529372052281,0.0445262468824793,0.00633793884736608));
#43405=CARTESIAN_POINT('',(-0.0108824225599797,0.0517617803336639,0.00627666866793696));
#43406=CARTESIAN_POINT('',(-0.00983480145500129,0.007738764746724,0.00716014475182829));
#43407=CARTESIAN_POINT('',(-0.00984220216778177,0.00782584316448267,0.00716399569997041));
#43408=CARTESIAN_POINT('',(-0.00984960288056225,0.00791292158224134,0.00716784664811252));
#43409=CARTESIAN_POINT('',(-0.00985700359334273,0.008,0.00717169759625463));
#43410=CARTESIAN_POINT('',(-0.0104776097792601,0.0153021891706811,0.00749462895564295));
#43411=CARTESIAN_POINT('',(-0.0108450908743013,0.0226437310286715,0.00771038818909789));
#43412=CARTESIAN_POINT('',(-0.01107000248016,0.0372544724429318,0.00792474983863589));
#43413=CARTESIAN_POINT('',(-0.0109329267544884,0.0445235589780829,0.00792568397540529));
#43414=CARTESIAN_POINT('',(-0.0105481782573659,0.0517616940918017,0.00782108304414048));
#43415=CARTESIAN_POINT('',(-0.00957493117142613,0.00773880404132084,0.00785195451556791));
#43416=CARTESIAN_POINT('',(-0.00958192646718024,0.00782586936088057,0.00785635567202902));
#43417=CARTESIAN_POINT('',(-0.00958892176293435,0.00791293468044029,0.00786075682849013));
#43418=CARTESIAN_POINT('',(-0.00959591705868846,0.008,0.00786515798495124));
#43419=CARTESIAN_POINT('',(-0.0101825259362516,0.0153010907868454,0.00823422850639633));
#43420=CARTESIAN_POINT('',(-0.0105359198380938,0.0226419099751476,0.00847759266814766));
#43421=CARTESIAN_POINT('',(-0.0107726153554913,0.0372524798940847,0.00870971469665184));
#43422=CARTESIAN_POINT('',(-0.0106609786104097,0.044522104325725,0.00870120752939283));
#43423=CARTESIAN_POINT('',(-0.0103211503447613,0.0517616474190374,0.00856891417139559));
#43424=CARTESIAN_POINT('',(-0.0090753940508007,0.00773886663001184,0.00891903722377936));
#43425=CARTESIAN_POINT('',(-0.00908178622157998,0.00782591108667456,0.00892420014528956));
#43426=CARTESIAN_POINT('',(-0.00908817839235927,0.00791295554333729,0.00892936306679976));
#43427=CARTESIAN_POINT('',(-0.00909457056313855,0.008,0.00893452598830996));
#43428=CARTESIAN_POINT('',(-0.0096306028136438,0.015299341273884,0.00936747631643069));
#43429=CARTESIAN_POINT('',(-0.00996513305014376,0.0226390093891774,0.00964519883603203));
#43430=CARTESIAN_POINT('',(-0.0102277082707084,0.0372493061492415,0.00988649214298851));
#43431=CARTESIAN_POINT('',(-0.010160126603966,0.0445197873459298,0.00985344018808738));
#43432=CARTESIAN_POINT('',(-0.00989538328055466,0.051761573078353,0.00966753153476576));
#43433=CARTESIAN_POINT('',(-0.00884856137461662,0.00773888926686811,0.0092966923054072));
#43434=CARTESIAN_POINT('',(-0.00885476233324501,0.00782592617791208,0.00930207502931227));
#43435=CARTESIAN_POINT('',(-0.0088609632918734,0.00791296308895604,0.00930745775321734));
#43436=CARTESIAN_POINT('',(-0.00886716425050179,0.008,0.0093128404771224));
#43437=CARTESIAN_POINT('',(-0.00938716190445013,0.015298708516227,0.00976422291171458));
#43438=CARTESIAN_POINT('',(-0.00971712737616352,0.022637960315508,0.0100497003246439));
#43439=CARTESIAN_POINT('',(-0.00999355372378981,0.0372481582804375,0.010285017951031));
#43440=CARTESIAN_POINT('',(-0.0099441390105425,0.0445189493488766,0.0102384677240417));
#43441=CARTESIAN_POINT('',(-0.00970878541199522,0.0517615461910774,0.0100285466802855));
#43442=CARTESIAN_POINT('',(-0.00830499919176392,0.00773893442798444,0.0100025550927259));
#43443=CARTESIAN_POINT('',(-0.00831088412249992,0.00782595628532297,0.0100083663027589));
#43444=CARTESIAN_POINT('',(-0.00831676905323591,0.00791297814266149,0.010014177512792));
#43445=CARTESIAN_POINT('',(-0.0083226539839719,0.008,0.010019988722825));
#43446=CARTESIAN_POINT('',(-0.00881615028990688,0.0152974461482638,0.0105073029858093));
#43447=CARTESIAN_POINT('',(-0.009142497025951,0.0226358673862849,0.0108074109095379));
#43448=CARTESIAN_POINT('',(-0.00945747333092825,0.0372458682523544,0.0110291346188694));
#43449=CARTESIAN_POINT('',(-0.00944973067221981,0.044517277522986,0.0109548234121695));
#43450=CARTESIAN_POINT('',(-0.00927843884863648,0.051761492550264,0.0106961654494667));
#43451=CARTESIAN_POINT('',(-0.00798840033828228,0.00773895695224449,0.0103304270039897));
#43452=CARTESIAN_POINT('',(-0.00799415993142553,0.00782597130149633,0.0103364479489382));
#43453=CARTESIAN_POINT('',(-0.00799991952456878,0.00791298565074817,0.0103424688938868));
#43454=CARTESIAN_POINT('',(-0.00800567911771203,0.008,0.0103484898388353));
#43455=CARTESIAN_POINT('',(-0.0084886649109855,0.0152968165379574,0.0108533919733967));
#43456=CARTESIAN_POINT('',(-0.00881591391494186,0.0226348235307312,0.0111604636642531));
#43457=CARTESIAN_POINT('',(-0.0091555020028667,0.0372447260930753,0.0113747444794652));
#43458=CARTESIAN_POINT('',(-0.00917122115906537,0.0445164436941487,0.0112862577578532));
#43459=CARTESIAN_POINT('',(-0.00903455809944535,0.0517614657967263,0.0110029624593487));
#43460=CARTESIAN_POINT('',(-0.00729264078049743,0.00773900118982874,0.010903113463738));
#43461=CARTESIAN_POINT('',(-0.00729817011735291,0.00782600079321916,0.010909611376732));
#43462=CARTESIAN_POINT('',(-0.00730369945420839,0.00791300039660958,0.0109161092897259));
#43463=CARTESIAN_POINT('',(-0.00730922879106387,0.008,0.0109226072027198));
#43464=CARTESIAN_POINT('',(-0.00777290583925101,0.0152955799850628,0.0114675067440477));
#43465=CARTESIAN_POINT('',(-0.00810326076749987,0.02263277340132,0.0117937101300116));
#43466=CARTESIAN_POINT('',(-0.00849383959365147,0.0372424828954203,0.0120042236556792));
#43467=CARTESIAN_POINT('',(-0.00855695708141983,0.0445148060566258,0.0118932919201755));
#43468=CARTESIAN_POINT('',(-0.00848962421033,0.0517614132528524,0.0115670046205816));
#43469=CARTESIAN_POINT('',(-0.00691378318785445,0.00773902290315292,0.0111477206529359));
#43470=CARTESIAN_POINT('',(-0.00691920670465958,0.00782601526876861,0.0111544865288293));
#43471=CARTESIAN_POINT('',(-0.0069246302214647,0.00791300763438431,0.0111612524047227));
#43472=CARTESIAN_POINT('',(-0.00693005373826983,0.008,0.0111680182806161));
#43473=CARTESIAN_POINT('',(-0.00738485696851634,0.0152949730424745,0.0117353885538782));
#43474=CARTESIAN_POINT('',(-0.00771733996762965,0.0226317671274626,0.0120738210645667));
#43475=CARTESIAN_POINT('',(-0.00813414739857959,0.0372413818570444,0.0122881319239512));
#43476=CARTESIAN_POINT('',(-0.00822112663804554,0.0445140022479402,0.0121689912218655));
#43477=CARTESIAN_POINT('',(-0.00818842042655758,0.0517613874625162,0.0118244097893813));
#43478=CARTESIAN_POINT('',(-0.00613446830092449,0.00773906482052581,0.0115388411290958));
#43479=CARTESIAN_POINT('',(-0.00613961236628918,0.00782604321368387,0.0115462147252836));
#43480=CARTESIAN_POINT('',(-0.00614475643165388,0.00791302160684194,0.0115535883214715));
#43481=CARTESIAN_POINT('',(-0.00614990049701858,0.008,0.0115609619176593));
#43482=CARTESIAN_POINT('',(-0.00658126959358916,0.0152938013453835,0.012179294170561));
#43483=CARTESIAN_POINT('',(-0.00691155750429605,0.0226298245250252,0.0125489173322554));
#43484=CARTESIAN_POINT('',(-0.00736646082480433,0.0372392563125745,0.0127856414712427));
#43485=CARTESIAN_POINT('',(-0.00749327007532138,0.044512450502657,0.0126581535582603));
#43486=CARTESIAN_POINT('',(-0.00752117543070209,0.0517613376745092,0.0122857555939687));
#43487=CARTESIAN_POINT('',(-0.00573435931283684,0.0077390850245745,0.0116853586174302));
#43488=CARTESIAN_POINT('',(-0.00573932863894529,0.00782605668304967,0.0116930722667804));
#43489=CARTESIAN_POINT('',(-0.00574429796505375,0.00791302834152484,0.0117007859161306));
#43490=CARTESIAN_POINT('',(-0.00574926729116221,0.008,0.0117084995654808));
#43491=CARTESIAN_POINT('',(-0.00616598316897392,0.0152932365908808,0.012355347868439));
#43492=CARTESIAN_POINT('',(-0.00649185501738635,0.0226288881964451,0.0127439573587658));
#43493=CARTESIAN_POINT('',(-0.0069584408251558,0.0372382318064804,0.0129993467790888));
#43494=CARTESIAN_POINT('',(-0.00710112644055119,0.0445117025660593,0.0128717451548906));
#43495=CARTESIAN_POINT('',(-0.00715492480872347,0.0517613136768384,0.0124898493247806));
#43496=CARTESIAN_POINT('',(-0.00439657357409441,0.00773915074948536,0.0120324937146915));
#43497=CARTESIAN_POINT('',(-0.00440065350156408,0.0078261004996569,0.0120414051094406));
#43498=CARTESIAN_POINT('',(-0.00440473342903374,0.00791305024982845,0.0120503165041897));
#43499=CARTESIAN_POINT('',(-0.0044088133565034,0.008,0.0120592278989388));
#43500=CARTESIAN_POINT('',(-0.00475094637812881,0.0152913994126044,0.0128065162845966));
#43501=CARTESIAN_POINT('',(-0.00503553741819611,0.0226258422667204,0.0132645651359006));
#43502=CARTESIAN_POINT('',(-0.00548658898805815,0.0372348990303256,0.013595941966917));
#43503=CARTESIAN_POINT('',(-0.00565429839459414,0.0445092694860878,0.01347556286841));
#43504=CARTESIAN_POINT('',(-0.00576570527498413,0.0517612356110604,0.0130703623793566));
#43505=CARTESIAN_POINT('',(-0.00350933404756572,0.00773919079686185,0.0121950249816406));
#43506=CARTESIAN_POINT('',(-0.00351249915210204,0.0078261271979079,0.0122047604223996));
#43507=CARTESIAN_POINT('',(-0.00351566425663837,0.00791306359895395,0.0122144958631586));
#43508=CARTESIAN_POINT('',(-0.00351882936117469,0.008,0.0122242313039175));
#43509=CARTESIAN_POINT('',(-0.00378424750569439,0.0152902799866645,0.0130406222296112));
#43510=CARTESIAN_POINT('',(-0.00401241520850381,0.022623986326669,0.0135488843207154));
#43511=CARTESIAN_POINT('',(-0.00439180056451879,0.0372328683095581,0.0139422810284663));
#43512=CARTESIAN_POINT('',(-0.00454382669197207,0.0445077869664713,0.0138341195372996));
#43513=CARTESIAN_POINT('',(-0.0046594047529606,0.0517611880441705,0.0134225358900598));
#43514=CARTESIAN_POINT('',(-0.00176219681019817,0.00773924757927996,0.0124120428846636));
#43515=CARTESIAN_POINT('',(-0.00176357048233215,0.0078261650528533,0.0124229197276101));
#43516=CARTESIAN_POINT('',(-0.00176494415446612,0.00791308252642665,0.0124337965705567));
#43517=CARTESIAN_POINT('',(-0.0017663178266001,0.008,0.0124446734135032));
#43518=CARTESIAN_POINT('',(-0.00188151070721221,0.015288692773785,0.0133567796140968));
#43519=CARTESIAN_POINT('',(-0.00198822413689308,0.022621354824353,0.0139339741983612));
#43520=CARTESIAN_POINT('',(-0.00218353995074585,0.0372299889889686,0.0144108044730738));
#43521=CARTESIAN_POINT('',(-0.00227232637079487,0.0445056849299311,0.0143177267628786));
#43522=CARTESIAN_POINT('',(-0.00235281598745212,0.0517611205999765,0.0138948532227805));
#43523=CARTESIAN_POINT('',(-0.000901606970076097,0.00773926431432157,0.0124664214463144));
#43524=CARTESIAN_POINT('',(-0.000902108634218873,0.00782617620954772,0.0124776142975429));
#43525=CARTESIAN_POINT('',(-0.00090261029836165,0.00791308810477386,0.0124888071487715));
#43526=CARTESIAN_POINT('',(-0.000903111962504426,0.008,0.0125));
#43527=CARTESIAN_POINT('',(-0.000945180325308763,0.0152882249868452,0.0134386059041235));
#43528=CARTESIAN_POINT('',(-0.0009872486881131,0.0226205792620883,0.0140344067104141));
#43529=CARTESIAN_POINT('',(-0.00107092872267363,0.0372291403891467,0.0145324258397456));
#43530=CARTESIAN_POINT('',(-0.00111254039442983,0.0445050654130074,0.0144421024989075));
#43531=CARTESIAN_POINT('',(-0.00115415206618602,0.0517611007226723,0.0140142104198631));
#43532=CARTESIAN_POINT('',(-1.89735380184964E-19,0.00773926431432157,0.0124664214463144));
#43533=CARTESIAN_POINT('',(-1.89735380184964E-19,0.00782617620954772,0.0124776142975429));
#43534=CARTESIAN_POINT('',(-1.89735380184964E-19,0.00791308810477386,0.0124888071487715));
#43535=CARTESIAN_POINT('',(-1.89735380184964E-19,0.008,0.0125));
#43536=CARTESIAN_POINT('',(-1.89735380184964E-19,0.0152882249868452,0.0134386059041235));
#43537=CARTESIAN_POINT('',(-1.42301535138722E-19,0.0226205792620883,0.0140344067104141));
#43538=CARTESIAN_POINT('',(-4.79487833744182E-20,0.0372291403891467,0.0145324258397456));
#43539=CARTESIAN_POINT('',(-1.02987665635474E-21,0.0445050654130074,0.0144421024989075));
#43540=CARTESIAN_POINT('',(-1.67097116244505E-23,0.0517611007226723,0.0140142104198631));
#43541=CARTESIAN_POINT('',(0.0114614502099229,0.0323462366667763,0.006347115779989));
#43542=CARTESIAN_POINT('',(0.0111045424781141,0.0300015461437049,0.00732752408112105));
#43543=CARTESIAN_POINT('',(0.0113784317963587,0.0276475787584041,0.00634278789552678));
#43544=CARTESIAN_POINT('',(0.0118320433771774,0.026678468605521,0.00402749800219119));
#43545=CARTESIAN_POINT('',(0.0118689703722877,0.0276388491540975,0.00165154628450732));
#43546=CARTESIAN_POINT('',(0.0117302905390289,0.0300026847946128,0.000674022168932657));
#43547=CARTESIAN_POINT('',(0.0118833728598856,0.0323609072875351,0.00165236809970791));
#43548=CARTESIAN_POINT('',(0.0119011787079854,0.0333231133733651,0.00403022441819152));
#43549=CARTESIAN_POINT('',(0.0114614502099229,0.0323462366667763,0.006347115779989));
#43550=CARTESIAN_POINT('',(0.0111045424781141,0.0300015461437049,0.00732752408112105));
#43551=CARTESIAN_POINT('',(0.0113784317963587,0.0276475787584041,0.00634278789552678));
#43552=CARTESIAN_POINT('',(0.0112096753197897,0.03,0.007));
#43553=CARTESIAN_POINT('',(-0.011869224394197,0.027634405719744,0.00165629599546445));
#43554=CARTESIAN_POINT('',(-0.0117302388573768,0.030001025912987,0.000672392996881319));
#43555=CARTESIAN_POINT('',(-0.011883297298554,0.0323614906283082,0.00165413201701027));
#43556=CARTESIAN_POINT('',(-0.0119015618073895,0.0333229368139892,0.00402529912619417));
#43557=CARTESIAN_POINT('',(-0.01146160923169,0.0323464698557329,0.00634724474302424));
#43558=CARTESIAN_POINT('',(-0.0111050010992011,0.0300068065278012,0.00732593138606531));
#43559=CARTESIAN_POINT('',(-0.011376928290862,0.0276527210407456,0.00634901032775146));
#43560=CARTESIAN_POINT('',(-0.0118318154100315,0.0266783262634106,0.00402984343914501));
#43561=CARTESIAN_POINT('',(-0.011869224394197,0.027634405719744,0.00165629599546445));
#43562=CARTESIAN_POINT('',(-0.0117302388573768,0.030001025912987,0.000672392996881319));
#43563=CARTESIAN_POINT('',(-0.011883297298554,0.0323614906283082,0.00165413201701027));
#43564=CARTESIAN_POINT('',(-0.0117789128537097,0.03,0.001));
#43565=CARTESIAN_POINT('',(-0.00225988569005919,0.051484741492627,0.013930733432819));
#43566=CARTESIAN_POINT('',(1.06499611849964E-6,0.0515076500179886,0.0140789598839953));
#43567=CARTESIAN_POINT('',(0.00225562570558519,0.0514846584068724,0.0139301958381582));
#43568=CARTESIAN_POINT('',(0.00408658872932358,0.0514300676383322,0.0135769739836369));
#43569=CARTESIAN_POINT('',(0.00553365335047537,0.0513633303491853,0.0131451597615811));
#43570=CARTESIAN_POINT('',(0.00659661568992866,0.0513045084320028,0.0127645608403858));
#43571=CARTESIAN_POINT('',(0.0076226704142869,0.0512295593147836,0.0122796131446356));
#43572=CARTESIAN_POINT('',(0.00882785795520253,0.0510885081497133,0.0113669614683708));
#43573=CARTESIAN_POINT('',(0.00975592911797092,0.0509020631110261,0.0101605951330501));
#43574=CARTESIAN_POINT('',(0.0103028104592991,0.0506854579626072,0.00875908206010633));
#43575=CARTESIAN_POINT('',(0.0107581732823429,0.0504655236614479,0.00733602817374099));
#43576=CARTESIAN_POINT('',(0.0111264731914121,0.0501837449477121,0.00551281873545449));
#43577=CARTESIAN_POINT('',(0.0112472778992756,0.0498351041713522,0.0032569877480691));
#43578=CARTESIAN_POINT('',(0.0110364547775566,0.0494950764910328,0.00105688658422356));
#43579=CARTESIAN_POINT('',(0.0102953617126346,0.0490429552729393,-0.00186850001133934));
#43580=CARTESIAN_POINT('',(0.00823432526015395,0.0485479779732221,-0.00507118084062281));
#43581=CARTESIAN_POINT('',(0.00453129240894033,0.0481305293221857,-0.00777222347964623));
#43582=CARTESIAN_POINT('',(4.36666091084712E-5,0.047958824360986,-0.00888321622182129));
#43583=CARTESIAN_POINT('',(-0.0044865630237993,0.0481260764289125,-0.00780103529774161));
#43584=CARTESIAN_POINT('',(-0.0075985015183121,0.0484758075809136,-0.00553814918850618));
#43585=CARTESIAN_POINT('',(-0.00944527162715754,0.0488393839097908,-0.00318567981437157));
#43586=CARTESIAN_POINT('',(-0.0104736565829841,0.0491529587779227,-0.00115673784211305));
#43587=CARTESIAN_POINT('',(-0.0110286744019237,0.0494876545830792,0.00100886417524978));
#43588=CARTESIAN_POINT('',(-0.0112473898045004,0.0498343522171948,0.00325212233471398));
#43589=CARTESIAN_POINT('',(-0.0111313857251179,0.0501768130225744,0.00546796669120712));
#43590=CARTESIAN_POINT('',(-0.0107631898937621,0.0504628622281171,0.00731880774461869));
#43591=CARTESIAN_POINT('',(-0.0103089016665758,0.0506826854797638,0.00874114310076963));
#43592=CARTESIAN_POINT('',(-0.00976353711658952,0.0509001089266828,0.0101479508587834));
#43593=CARTESIAN_POINT('',(-0.00883688016576565,0.0510868258483534,0.0113560763746144));
#43594=CARTESIAN_POINT('',(-0.00764442463751777,0.0512274566873638,0.0122660083903705));
#43595=CARTESIAN_POINT('',(-0.00661441810389162,0.0513035373245127,0.0127582774262915));
#43596=CARTESIAN_POINT('',(-0.00555613343996445,0.0513621099145006,0.0131372631110272));
#43597=CARTESIAN_POINT('',(-0.00411731730548493,0.0514289601403042,0.0135698080737963));
#43598=CARTESIAN_POINT('',(-0.00225988569005919,0.051484741492627,0.013930733432819));
#43599=CARTESIAN_POINT('',(1.06499611849964E-6,0.0515076500179886,0.0140789598839953));
#43600=CARTESIAN_POINT('',(0.00225562570558519,0.0514846584068724,0.0139301958381582));
#43601=CARTESIAN_POINT('',(-7.28993381363227E-23,0.0515,0.014029461467998));
#43602=CARTESIAN_POINT('',(-0.00228815109397354,0.00799978513669692,0.0124209598936449));
#43603=CARTESIAN_POINT('',(4.21363107269219E-6,0.00800010547201681,0.0125393207408412));
#43604=CARTESIAN_POINT('',(0.00227129656968276,0.00799979297523583,0.0124217571429905));
#43605=CARTESIAN_POINT('',(0.00413422979578557,0.00800158506463563,0.0121076555873933));
#43606=CARTESIAN_POINT('',(0.00561794958330235,0.00800687906236781,0.0117699555436286));
#43607=CARTESIAN_POINT('',(0.00702257341127724,0.00802078868308805,0.0111965187759056));
#43608=CARTESIAN_POINT('',(0.00822444931488156,0.00806238335719747,0.0102337334148235));
#43609=CARTESIAN_POINT('',(0.00910609965880754,0.00816595141344613,0.00898782960880385));
#43610=CARTESIAN_POINT('',(0.00973195070471044,0.00831758071605138,0.00762316334134595));
#43611=CARTESIAN_POINT('',(0.0103500561172454,0.00859248771589207,0.00585261964549432));
#43612=CARTESIAN_POINT('',(0.0107660436458319,0.00906038534302301,0.00369864910162738));
#43613=CARTESIAN_POINT('',(0.0108729186700445,0.00968318870322177,0.00150341147410316));
#43614=CARTESIAN_POINT('',(0.0106921274885066,0.0104237132263184,-0.000597001475412794));
#43615=CARTESIAN_POINT('',(0.00987826239984493,0.011573114609413,-0.00331108864880454));
#43616=CARTESIAN_POINT('',(0.00792369002731371,0.0131214252783617,-0.00618909685120899));
#43617=CARTESIAN_POINT('',(0.00506207422536089,0.0145457251288001,-0.00830388228134476));
#43618=CARTESIAN_POINT('',(0.0023049358055005,0.0153146199459152,-0.00934165192050263));
#43619=CARTESIAN_POINT('',(3.96166546214066E-5,0.0155621420672488,-0.00966195886981116));
#43620=CARTESIAN_POINT('',(-0.00223176548580268,0.0153294109145621,-0.00936102716038041));
#43621=CARTESIAN_POINT('',(-0.00499881928440191,0.0145713265037953,-0.00833976610832848));
#43622=CARTESIAN_POINT('',(-0.00786956991420909,0.0131552958358976,-0.00624447290819208));
#43623=CARTESIAN_POINT('',(-0.00984163948983017,0.0116069722506961,-0.00337930702100244));
#43624=CARTESIAN_POINT('',(-0.0106769679826664,0.0104567354220091,-0.00068243391414922));
#43625=CARTESIAN_POINT('',(-0.0108723862069978,0.00970357319019108,0.00143843215115562));
#43626=CARTESIAN_POINT('',(-0.0107737283165532,0.0090766556892286,0.0036337115793013));
#43627=CARTESIAN_POINT('',(-0.0103655386022283,0.00860255924485118,0.00579732682433574));
#43628=CARTESIAN_POINT('',(-0.00974991917633583,0.00832382623625928,0.00757657233209805));
#43629=CARTESIAN_POINT('',(-0.00912825492372653,0.00816980721805479,0.00894784738090506));
#43630=CARTESIAN_POINT('',(-0.00825536238373976,0.0080642198404842,0.0102026423437206));
#43631=CARTESIAN_POINT('',(-0.00705986410220601,0.00802154359347665,0.011173054138918));
#43632=CARTESIAN_POINT('',(-0.00565636515339809,0.0080070717554076,0.0117593373351219));
#43633=CARTESIAN_POINT('',(-0.00416516252465122,0.00800163815962526,0.0121017989972331));
#43634=CARTESIAN_POINT('',(-0.00228815109397354,0.00799978513669692,0.0124209598936449));
#43635=CARTESIAN_POINT('',(4.21363107269219E-6,0.00800010547201681,0.0125393207408412));
#43636=CARTESIAN_POINT('',(0.00227129656968276,0.00799979297523583,0.0124217571429905));
#43637=CARTESIAN_POINT('',(-1.89735380184964E-19,0.008,0.0125));
#43638=CARTESIAN_POINT('',(-0.0118892205890338,0.03,0.004));
#43639=CARTESIAN_POINT('',(-0.0082,0.03,0.004));
#43640=CARTESIAN_POINT('',(-0.0082,0.03,0.00525));
#43641=CARTESIAN_POINT('',(-0.0101,0.03,0.004));
#43642=CARTESIAN_POINT('',(-0.0101,0.03,0.00525));
#43643=CARTESIAN_POINT('',(-0.0082,0.0259199461487233,0.00375751952663196));
#43644=CARTESIAN_POINT('',(-0.0082,0.0424105381531219,0.0034));
#43645=CARTESIAN_POINT('',(-0.0082,0.036177497419393,0.0034));
#43646=CARTESIAN_POINT('',(-0.0082,0.0359921674193534,0.00220084836505224));
#43647=CARTESIAN_POINT('',(-0.0082,0.03636295853504,0.0046));
#43648=CARTESIAN_POINT('',(-0.0082,0.0425032687109455,0.0046));
#43649=CARTESIAN_POINT('',(-0.0351,0.03,0.004));
#43650=CARTESIAN_POINT('',(-0.0101,0.03,0.004));
#43651=CARTESIAN_POINT('',(-0.0101,0.03,0.007));
#43652=CARTESIAN_POINT('',(-0.0101,0.0259199461487233,0.00375751952663196));
#43653=CARTESIAN_POINT('',(-0.223481670210033,0.0497576504733843,0.00275583451582847));
#43654=CARTESIAN_POINT('',(0.0108892205890338,0.0498572068478475,0.0034));
#43655=CARTESIAN_POINT('',(0.0101,0.0498572068478475,0.0034));
#43656=CARTESIAN_POINT('',(0.0101,0.0497576504733843,0.00275583451582847));
#43657=CARTESIAN_POINT('',(0.0101,0.0500426679634946,0.0046));
#43658=CARTESIAN_POINT('',(0.0108892205890338,0.0500426679634946,0.0046));
#43659=CARTESIAN_POINT('',(-0.0108892205890338,0.0500426679634946,0.0046));
#43660=CARTESIAN_POINT('',(-0.0101,0.0500426679634946,0.0046));
#43661=CARTESIAN_POINT('',(-0.0101,0.0497576504733843,0.00275583451582847));
#43662=CARTESIAN_POINT('',(-0.0101,0.0498572068478475,0.0034));
#43663=CARTESIAN_POINT('',(-0.0108892205890338,0.0498572068478475,0.0034));
#43664=CARTESIAN_POINT('',(-0.223481670210033,0.0442569119403523,0.0124999999999999));
#43665=CARTESIAN_POINT('',(-0.0108892205890338,0.0425032687109455,0.0046));
#43666=CARTESIAN_POINT('',(-0.00814947481843904,0.035999184954738,0.0046));
#43667=CARTESIAN_POINT('',(-0.0108892205890338,0.0424105381531219,0.0034));
#43668=CARTESIAN_POINT('',(-0.00817474634233522,0.0359956749463089,0.0034));
#43669=CARTESIAN_POINT('',(0.0118892205890338,0.03,0.004));
#43670=CARTESIAN_POINT('',(0.0108892205890338,0.0349638694583964,0.0046));
#43671=CARTESIAN_POINT('',(0.0082,0.0349638694583964,0.0046));
#43672=CARTESIAN_POINT('',(0.0082,0.03,0.004));
#43673=CARTESIAN_POINT('',(0.0082,0.0349638694583964,0.0034));
#43674=CARTESIAN_POINT('',(0.0108892205890338,0.0349638694583964,0.0034));
#43675=CARTESIAN_POINT('',(0.0082,0.0259199461487233,0.00375751952663196));
#43676=CARTESIAN_POINT('',(0.0082,0.0425032687109455,0.0046));
#43677=CARTESIAN_POINT('',(0.0082,0.03636295853504,0.0046));
#43678=CARTESIAN_POINT('',(0.0082,0.0359921674193534,0.00220084836505224));
#43679=CARTESIAN_POINT('',(0.0082,0.036177497419393,0.0034));
#43680=CARTESIAN_POINT('',(0.0082,0.0424105381531219,0.0034));
#43681=CARTESIAN_POINT('',(0.0101,0.0259199461487233,0.00375751952663196));
#43682=CARTESIAN_POINT('',(0.0101,0.03,0.004));
#43683=CARTESIAN_POINT('',(0.0101,0.03,0.007));
#43684=CARTESIAN_POINT('',(0.0351,0.03,0.004));
#43685=CARTESIAN_POINT('',(0.0108892205890338,0.0425032687109455,0.0046));
#43686=CARTESIAN_POINT('',(0.00908759404741779,0.042753499934567,0.0046));
#43687=CARTESIAN_POINT('',(0.0108892205890338,0.0424105381531219,0.0034));
#43688=CARTESIAN_POINT('',(0.00910022980936589,0.0426590143725289,0.0034));
#43689=CARTESIAN_POINT('',(-0.0082,0.0359921674193534,0.00220084836505224));
#43690=CARTESIAN_POINT('',(0.0101,0.0497576504733843,0.00275583451582847));
#43691=CARTESIAN_POINT('',(0.004,0.0445105890678977,0.0122928112526375));
#43692=CARTESIAN_POINT('',(-0.004,0.0445105890678977,0.0122928112526375));
#43693=CARTESIAN_POINT('',(-0.004,0.040591998199148,0.0113150390532639));
#43694=CARTESIAN_POINT('',(0.004,0.0445105890678977,0.0122928112526375));
#43695=CARTESIAN_POINT('',(0.004,0.040591998199148,0.0113150390532639));
#43696=CARTESIAN_POINT('',(0.004,0.040591998199148,0.0113150390532639));
#43697=CARTESIAN_POINT('',(0.004,0.015896354532751,0.0113405657939171));
#43698=CARTESIAN_POINT('',(-0.004,0.015896354532751,0.0113405657939171));
#43699=CARTESIAN_POINT('',(-0.004,0.0202207168572806,0.0107235963847358));
#43700=CARTESIAN_POINT('',(0.004,0.0202207168572806,0.0107235963847358));
#43701=CARTESIAN_POINT('',(0.004,0.0202207168572806,0.0107235963847358));
#43702=CARTESIAN_POINT('',(0.004,0.015896354532751,0.0113405657939171));
#43703=CARTESIAN_POINT('',(0.004,0.0520937176777772,0.00459108056338857));
#43704=CARTESIAN_POINT('',(0.004,0.0380338443940278,-0.257229431927417));
#43705=CARTESIAN_POINT('',(0.004,0.0380338443940276,0.0113150390532639));
#43706=CARTESIAN_POINT('',(0.004,0.0393129212965879,0.0113150390532639));
#43707=CARTESIAN_POINT('',(-0.004,0.0520937176777772,0.00459108056338857));
#43708=CARTESIAN_POINT('',(-0.004,0.0393129212965879,0.0113150390532639));
#43709=CARTESIAN_POINT('',(-0.004,0.0380338443940276,0.0113150390532639));
#43710=CARTESIAN_POINT('',(-0.004,0.0380338443940278,-0.257229431927417));
#43711=CARTESIAN_POINT('',(0.004,0.0380338443940278,-0.257229431927417));
#43712=CARTESIAN_POINT('',(0.004,0.0380338443940276,0.0113150390532639));
#43713=CARTESIAN_POINT('',(0.004,0.0393129212965879,0.0113150390532639));
#53703=(
GEOMETRIC_REPRESENTATION_CONTEXT(3)
GLOBAL_UNCERTAINTY_ASSIGNED_CONTEXT((#53745))
GLOBAL_UNIT_ASSIGNED_CONTEXT((#53770,#53769,#53768))
REPRESENTATION_CONTEXT('Proximal_Shell','COMPONENT_PART')
);
#53745=UNCERTAINTY_MEASURE_WITH_UNIT(LENGTH_MEASURE(2.E-5),#53770,
'DISTANCE_ACCURACY_VALUE','Maximum Tolerance applied to model');
#53768=(
NAMED_UNIT(*)
SI_UNIT($,.STERADIAN.)
SOLID_ANGLE_UNIT()
);
#53769=(
NAMED_UNIT(*)
PLANE_ANGLE_UNIT()
SI_UNIT($,.RADIAN.)
);
#53770=(
LENGTH_UNIT()
NAMED_UNIT(*)
SI_UNIT($,.METRE.)
);
ENDSEC;
END-ISO-10303-21;
